{
  "Packages": [
    {
      "Package": {
        "Id": "CsvHelper",
        "Version": "2.13.5"
      },
      "Assemblies": [
        "D:\\Users\\703239109\\.nuget\\packages\\csvhelper/2.13.5\\lib/net40-client/CsvHelper.dll"
      ]
    },
    {
      "Package": {
        "Id": "Microsoft.Exchange.WebServices",
        "Version": "2.2.0"
      },
      "Assemblies": [
        "D:\\Users\\703239109\\.nuget\\packages\\microsoft.exchange.webservices/2.2.0\\lib/40/Microsoft.Exchange.WebServices.Auth.dll",
        "D:\\Users\\703239109\\.nuget\\packages\\microsoft.exchange.webservices/2.2.0\\lib/40/Microsoft.Exchange.WebServices.dll"
      ]
    },
    {
      "Package": {
        "Id": "OutlookActivities",
        "Version": "1.1.1"
      },
      "Assemblies": [
        "D:\\Users\\703239109\\.nuget\\packages\\outlookactivities/1.1.1\\lib/OutlookActivity.dll"
      ]
    },
    {
      "Package": {
        "Id": "System.ValueTuple",
        "Version": "4.5.0"
      },
      "Assemblies": [
        "D:\\Users\\703239109\\.nuget\\packages\\system.valuetuple/4.5.0\\lib/net461/System.ValueTuple.dll"
      ]
    },
    {
      "Package": {
        "Id": "UiPath.Credentials.Activities",
        "Version": "1.1.6479.13204"
      },
      "Assemblies": [
        "D:\\Users\\703239109\\.nuget\\packages\\credentialmanagement/1.0.2\\lib/net35/CredentialManagement.dll",
        "D:\\Users\\703239109\\.nuget\\packages\\uipath.credentials.activities/1.1.6479.13204\\lib/net40-client/UiPath.Credentials.Activities.dll"
      ]
    },
    {
      "Package": {
        "Id": "UiPath.Excel.Activities",
        "Version": "2.5.2"
      },
      "Assemblies": [
        "D:\\Users\\703239109\\.nuget\\packages\\closedxml/0.87.1\\lib/net40/ClosedXML.dll",
        "D:\\Users\\703239109\\.nuget\\packages\\csvhelper/2.13.5\\lib/net40-client/CsvHelper.dll",
        "D:\\Users\\703239109\\.nuget\\packages\\documentformat.openxml/2.5.0\\lib/DocumentFormat.OpenXml.dll",
        "D:\\Users\\703239109\\.nuget\\packages\\microsoft.visualstudio.ole.interop/7.10.6071\\lib/Microsoft.VisualStudio.OLE.Interop.dll",
        "D:\\Users\\703239109\\.nuget\\packages\\npoi/2.4.1\\lib/net45/NPOI.OOXML.dll",
        "D:\\Users\\703239109\\.nuget\\packages\\npoi/2.4.1\\lib/net45/NPOI.OpenXml4Net.dll",
        "D:\\Users\\703239109\\.nuget\\packages\\npoi/2.4.1\\lib/net45/NPOI.OpenXmlFormats.dll",
        "D:\\Users\\703239109\\.nuget\\packages\\npoi/2.4.1\\lib/net45/NPOI.dll",
        "D:\\Users\\703239109\\.nuget\\packages\\sharpziplib/1.0.0\\lib/net45/ICSharpCode.SharpZipLib.dll",
        "D:\\Users\\703239109\\.nuget\\packages\\uipath.excel.activities/2.5.2\\lib/net452/UiPath.Excel.Activities.Design.dll",
        "D:\\Users\\703239109\\.nuget\\packages\\uipath.excel.activities/2.5.2\\lib/net452/UiPath.Excel.Activities.dll",
        "D:\\Users\\703239109\\.nuget\\packages\\uipath.excel.activities/2.5.2\\lib/net452/UiPath.Excel.dll"
      ]
    },
    {
      "Package": {
        "Id": "UiPath.Mail.Activities",
        "Version": "1.3.0"
      },
      "Assemblies": [
        "D:\\Users\\703239109\\.nuget\\packages\\bouncycastle/1.8.1\\lib/BouncyCastle.Crypto.dll",
        "D:\\Users\\703239109\\.nuget\\packages\\microsoft.exchange.webservices/2.2.0\\lib/40/Microsoft.Exchange.WebServices.Auth.dll",
        "D:\\Users\\703239109\\.nuget\\packages\\microsoft.exchange.webservices/2.2.0\\lib/40/Microsoft.Exchange.WebServices.dll",
        "D:\\Users\\703239109\\.nuget\\packages\\uipath.mail.activities/1.3.0\\lib/net452/MailKit.dll",
        "D:\\Users\\703239109\\.nuget\\packages\\uipath.mail.activities/1.3.0\\lib/net452/MimeKit.dll",
        "D:\\Users\\703239109\\.nuget\\packages\\uipath.mail.activities/1.3.0\\lib/net452/UiPath.Mail.Activities.Design.dll",
        "D:\\Users\\703239109\\.nuget\\packages\\uipath.mail.activities/1.3.0\\lib/net452/UiPath.Mail.Activities.dll",
        "D:\\Users\\703239109\\.nuget\\packages\\uipath.mail.activities/1.3.0\\lib/net452/UiPath.Mail.dll"
      ]
    },
    {
      "Package": {
        "Id": "UiPath.System.Activities",
        "Version": "19.3.0"
      },
      "Assemblies": [
        "D:\\Users\\703239109\\.nuget\\packages\\csvhelper/2.13.5\\lib/net40-client/CsvHelper.dll",
        "D:\\Users\\703239109\\.nuget\\packages\\microsoft.rest.clientruntime/2.3.10\\lib/net452/Microsoft.Rest.ClientRuntime.dll",
        "D:\\Users\\703239109\\.nuget\\packages\\newtonsoft.json/11.0.2\\lib/net45/Newtonsoft.Json.dll",
        "D:\\Users\\703239109\\.nuget\\packages\\uipath.system.activities/19.3.0\\lib/net461/ActiproSoftware.Docking.Wpf.dll",
        "D:\\Users\\703239109\\.nuget\\packages\\uipath.system.activities/19.3.0\\lib/net461/ActiproSoftware.Ribbon.Wpf.dll",
        "D:\\Users\\703239109\\.nuget\\packages\\uipath.system.activities/19.3.0\\lib/net461/ActiproSoftware.Shared.Wpf.dll",
        "D:\\Users\\703239109\\.nuget\\packages\\uipath.system.activities/19.3.0\\lib/net461/ActiproSoftware.SyntaxEditor.Addons.DotNet.Wpf.dll",
        "D:\\Users\\703239109\\.nuget\\packages\\uipath.system.activities/19.3.0\\lib/net461/ActiproSoftware.SyntaxEditor.Wpf.dll",
        "D:\\Users\\703239109\\.nuget\\packages\\uipath.system.activities/19.3.0\\lib/net461/ActiproSoftware.Text.Addons.DotNet.Wpf.dll",
        "D:\\Users\\703239109\\.nuget\\packages\\uipath.system.activities/19.3.0\\lib/net461/ActiproSoftware.Text.LLParser.Wpf.dll",
        "D:\\Users\\703239109\\.nuget\\packages\\uipath.system.activities/19.3.0\\lib/net461/ActiproSoftware.Text.Wpf.dll",
        "D:\\Users\\703239109\\.nuget\\packages\\uipath.system.activities/19.3.0\\lib/net461/ActiproSoftware.Wizard.Wpf.dll",
        "D:\\Users\\703239109\\.nuget\\packages\\uipath.system.activities/19.3.0\\lib/net461/UiPath.OrchestratorClient.dll",
        "D:\\Users\\703239109\\.nuget\\packages\\uipath.system.activities/19.3.0\\lib/net461/UiPath.System.Activities.Design.dll",
        "D:\\Users\\703239109\\.nuget\\packages\\uipath.system.activities/19.3.0\\lib/net461/UiPath.System.Activities.dll"
      ]
    },
    {
      "Package": {
        "Id": "UiPath.UIAutomation.Activities",
        "Version": "19.3.0"
      },
      "Assemblies": [
        "D:\\Users\\703239109\\.nuget\\packages\\avalonedit/5.0.3\\lib/Net40/ICSharpCode.AvalonEdit.dll",
        "D:\\Users\\703239109\\.nuget\\packages\\extended.wpf.toolkit/2.8.0\\lib/net40/Xceed.Wpf.AvalonDock.Themes.Aero.dll",
        "D:\\Users\\703239109\\.nuget\\packages\\extended.wpf.toolkit/2.8.0\\lib/net40/Xceed.Wpf.AvalonDock.Themes.Metro.dll",
        "D:\\Users\\703239109\\.nuget\\packages\\extended.wpf.toolkit/2.8.0\\lib/net40/Xceed.Wpf.AvalonDock.Themes.VS2010.dll",
        "D:\\Users\\703239109\\.nuget\\packages\\extended.wpf.toolkit/2.8.0\\lib/net40/Xceed.Wpf.AvalonDock.dll",
        "D:\\Users\\703239109\\.nuget\\packages\\extended.wpf.toolkit/2.8.0\\lib/net40/Xceed.Wpf.DataGrid.dll",
        "D:\\Users\\703239109\\.nuget\\packages\\extended.wpf.toolkit/2.8.0\\lib/net40/Xceed.Wpf.Toolkit.dll",
        "D:\\Users\\703239109\\.nuget\\packages\\humanizer.core/2.4.2\\lib/netstandard2.0/Humanizer.dll",
        "D:\\Users\\703239109\\.nuget\\packages\\uipath/10.0.7004.31775\\lib/UiPath.Interop.dll",
        "D:\\Users\\703239109\\.nuget\\packages\\uipath.uiautomation.activities/19.3.0\\lib/net461/ActiproSoftware.Docking.Wpf.dll",
        "D:\\Users\\703239109\\.nuget\\packages\\uipath.uiautomation.activities/19.3.0\\lib/net461/ActiproSoftware.Editors.Wpf.dll",
        "D:\\Users\\703239109\\.nuget\\packages\\uipath.uiautomation.activities/19.3.0\\lib/net461/ActiproSoftware.Ribbon.Wpf.dll",
        "D:\\Users\\703239109\\.nuget\\packages\\uipath.uiautomation.activities/19.3.0\\lib/net461/ActiproSoftware.Shared.Wpf.dll",
        "D:\\Users\\703239109\\.nuget\\packages\\uipath.uiautomation.activities/19.3.0\\lib/net461/ActiproSoftware.SyntaxEditor.Addons.DotNet.Wpf.dll",
        "D:\\Users\\703239109\\.nuget\\packages\\uipath.uiautomation.activities/19.3.0\\lib/net461/ActiproSoftware.SyntaxEditor.Wpf.dll",
        "D:\\Users\\703239109\\.nuget\\packages\\uipath.uiautomation.activities/19.3.0\\lib/net461/ActiproSoftware.Text.Addons.DotNet.Wpf.dll",
        "D:\\Users\\703239109\\.nuget\\packages\\uipath.uiautomation.activities/19.3.0\\lib/net461/ActiproSoftware.Text.LLParser.Wpf.dll",
        "D:\\Users\\703239109\\.nuget\\packages\\uipath.uiautomation.activities/19.3.0\\lib/net461/ActiproSoftware.Text.Wpf.dll",
        "D:\\Users\\703239109\\.nuget\\packages\\uipath.uiautomation.activities/19.3.0\\lib/net461/ActiproSoftware.Wizard.Wpf.dll",
        "D:\\Users\\703239109\\.nuget\\packages\\uipath.uiautomation.activities/19.3.0\\lib/net461/UiPath.UIAutomation.Activities.Design.dll",
        "D:\\Users\\703239109\\.nuget\\packages\\uipath.uiautomation.activities/19.3.0\\lib/net461/UiPath.UiAutomation.Activities.dll",
        "D:\\Users\\703239109\\.nuget\\packages\\uipath.uiautomation.activities/19.3.0\\lib/net461/UiPath.Wizards.dll",
        "D:\\Users\\703239109\\.nuget\\packages\\uipath.vision/1.4.0\\lib/net452/UiPath.Vision.AbbyyCloud.dll",
        "D:\\Users\\703239109\\.nuget\\packages\\uipath.vision/1.4.0\\lib/net452/UiPath.Vision.AbbyyFRE11.dll",
        "D:\\Users\\703239109\\.nuget\\packages\\uipath.vision/1.4.0\\lib/net452/UiPath.Vision.AbbyyFRE12.dll",
        "D:\\Users\\703239109\\.nuget\\packages\\uipath.vision/1.4.0\\lib/net452/UiPath.Vision.AbbyyFRECommon.dll",
        "D:\\Users\\703239109\\.nuget\\packages\\uipath.vision/1.4.0\\lib/net452/UiPath.Vision.AzureComputerVision.dll",
        "D:\\Users\\703239109\\.nuget\\packages\\uipath.vision/1.4.0\\lib/net452/UiPath.Vision.Core.dll",
        "D:\\Users\\703239109\\.nuget\\packages\\uipath.vision/1.4.0\\lib/net452/UiPath.Vision.GoogleCloud.dll",
        "D:\\Users\\703239109\\.nuget\\packages\\uipath.vision/1.4.0\\lib/net452/UiPath.Vision.Microsoft.dll",
        "D:\\Users\\703239109\\.nuget\\packages\\uipath.vision/1.4.0\\lib/net452/UiPath.Vision.MicrosoftCloud.dll",
        "D:\\Users\\703239109\\.nuget\\packages\\uipath.vision/1.4.0\\lib/net452/UiPath.Vision.Tesseract.dll",
        "D:\\Users\\703239109\\.nuget\\packages\\uipath.vision/1.4.0\\lib/net452/UiPath.Vision.dll"
      ]
    },
    {
      "Package": {
        "Id": "UiPathTeam.Excel.Extensions.Activities",
        "Version": "1.0.7018.25224"
      },
      "Assemblies": [
        "D:\\Users\\703239109\\.nuget\\packages\\uipathteam.excel.extensions.activities/1.0.7018.25224\\lib/net451/Excel.Activites.Design.dll",
        "D:\\Users\\703239109\\.nuget\\packages\\uipathteam.excel.extensions.activities/1.0.7018.25224\\lib/net451/Excel.Activities.dll"
      ]
    },
    {
      "Package": {
        "Id": "UiPathTeam.XLExcel.Activities",
        "Version": "1.0.6814.30102"
      },
      "Assemblies": [
        "D:\\Users\\703239109\\.nuget\\packages\\documentformat.openxml/2.5.0\\lib/DocumentFormat.OpenXml.dll",
        "D:\\Users\\703239109\\.nuget\\packages\\microsoft.office.interop.excel/15.0.4795.1000\\lib/net20/Microsoft.Office.Interop.Excel.dll",
        "D:\\Users\\703239109\\.nuget\\packages\\uipathteam.xlexcel.activities/1.0.6814.30102\\lib/net452/UiPathTeam.XLExcel.Activities.Design.dll",
        "D:\\Users\\703239109\\.nuget\\packages\\uipathteam.xlexcel.activities/1.0.6814.30102\\lib/net452/UiPathTeam.XLExcel.Activities.dll",
        "D:\\Users\\703239109\\.nuget\\packages\\uipathteam.xlexcel.activities/1.0.6814.30102\\lib/net452/UiPathTeam.XLExcel.dll"
      ]
    },
    {
      "Package": {
        "Id": "Microsoft.Office.Interop.Excel",
        "Version": "15.0.4795.1000"
      },
      "Assemblies": [
        "D:\\Users\\703239109\\.nuget\\packages\\microsoft.office.interop.excel/15.0.4795.1000\\lib/net20/Microsoft.Office.Interop.Excel.dll"
      ]
    }
  ],
  "Conflicts": [],
  "ResolvedDependencies": {
    "AvalonEdit": {
      "Id": "AvalonEdit",
      "Version": "5.0.3",
      "Dependencies": []
    },
    "BouncyCastle": {
      "Id": "BouncyCastle",
      "Version": "1.8.1",
      "Dependencies": []
    },
    "ClosedXML": {
      "Id": "ClosedXML",
      "Version": "0.87.1",
      "Dependencies": [
        {
          "Item1": "DocumentFormat.OpenXml",
          "Item2": "[2.5.0, )"
        }
      ]
    },
    "CredentialManagement": {
      "Id": "CredentialManagement",
      "Version": "1.0.2",
      "Dependencies": []
    },
    "CsvHelper": {
      "Id": "CsvHelper",
      "Version": "2.13.5",
      "Dependencies": []
    },
    "DocumentFormat.OpenXml": {
      "Id": "DocumentFormat.OpenXml",
      "Version": "2.5.0",
      "Dependencies": []
    },
    "Extended.Wpf.Toolkit": {
      "Id": "Extended.Wpf.Toolkit",
      "Version": "2.8.0",
      "Dependencies": []
    },
    "Humanizer.Core": {
      "Id": "Humanizer.Core",
      "Version": "2.4.2",
      "Dependencies": []
    },
    "Microsoft.Exchange.WebServices": {
      "Id": "Microsoft.Exchange.WebServices",
      "Version": "2.2.0",
      "Dependencies": []
    },
    "Microsoft.Office.Interop.Excel": {
      "Id": "Microsoft.Office.Interop.Excel",
      "Version": "15.0.4795.1000",
      "Dependencies": []
    },
    "Microsoft.Rest.ClientRuntime": {
      "Id": "Microsoft.Rest.ClientRuntime",
      "Version": "2.3.10",
      "Dependencies": [
        {
          "Item1": "Newtonsoft.Json",
          "Item2": "[6.0.8, )"
        }
      ]
    },
    "Microsoft.VisualStudio.OLE.Interop": {
      "Id": "Microsoft.VisualStudio.OLE.Interop",
      "Version": "7.10.6071",
      "Dependencies": []
    },
    "Newtonsoft.Json": {
      "Id": "Newtonsoft.Json",
      "Version": "11.0.2",
      "Dependencies": []
    },
    "NPOI": {
      "Id": "NPOI",
      "Version": "2.4.1",
      "Dependencies": [
        {
          "Item1": "SharpZipLib",
          "Item2": "[1.0.0, )"
        }
      ]
    },
    "OutlookActivities": {
      "Id": "OutlookActivities",
      "Version": "1.1.1",
      "Dependencies": []
    },
    "SharpZipLib": {
      "Id": "SharpZipLib",
      "Version": "1.0.0",
      "Dependencies": []
    },
    "System.ValueTuple": {
      "Id": "System.ValueTuple",
      "Version": "4.5.0",
      "Dependencies": []
    },
    "UiPath": {
      "Id": "UiPath",
      "Version": "10.0.7004.31775",
      "Dependencies": []
    },
    "UiPath.Credentials.Activities": {
      "Id": "UiPath.Credentials.Activities",
      "Version": "1.1.6479.13204",
      "Dependencies": [
        {
          "Item1": "CredentialManagement",
          "Item2": "[1.0.2, )"
        }
      ]
    },
    "UiPath.Excel.Activities": {
      "Id": "UiPath.Excel.Activities",
      "Version": "2.5.2",
      "Dependencies": [
        {
          "Item1": "ClosedXML",
          "Item2": "[0.87.1, )"
        },
        {
          "Item1": "CsvHelper",
          "Item2": "[2.13.5, )"
        },
        {
          "Item1": "DocumentFormat.OpenXml",
          "Item2": "[2.5.0, )"
        },
        {
          "Item1": "Microsoft.VisualStudio.OLE.Interop",
          "Item2": "[7.10.6071, )"
        },
        {
          "Item1": "NPOI",
          "Item2": "[2.4.1, )"
        },
        {
          "Item1": "SharpZipLib",
          "Item2": "[1.0.0, )"
        }
      ]
    },
    "UiPath.Mail.Activities": {
      "Id": "UiPath.Mail.Activities",
      "Version": "1.3.0",
      "Dependencies": [
        {
          "Item1": "Microsoft.Exchange.WebServices",
          "Item2": "[2.2.0, )"
        },
        {
          "Item1": "BouncyCastle",
          "Item2": "[1.8.1, )"
        }
      ]
    },
    "UiPath.System.Activities": {
      "Id": "UiPath.System.Activities",
      "Version": "19.3.0",
      "Dependencies": [
        {
          "Item1": "CsvHelper",
          "Item2": "[2.13.5, )"
        },
        {
          "Item1": "Microsoft.Rest.ClientRuntime",
          "Item2": "[2.3.10, )"
        },
        {
          "Item1": "Newtonsoft.Json",
          "Item2": "[11.0.2, )"
        }
      ]
    },
    "UiPath.UIAutomation.Activities": {
      "Id": "UiPath.UIAutomation.Activities",
      "Version": "19.3.0",
      "Dependencies": [
        {
          "Item1": "UiPath.Vision",
          "Item2": "[1.4.0, )"
        },
        {
          "Item1": "AvalonEdit",
          "Item2": "[5.0.3, )"
        },
        {
          "Item1": "Extended.Wpf.Toolkit",
          "Item2": "[2.8.0, )"
        },
        {
          "Item1": "Humanizer.Core",
          "Item2": "[2.4.2, )"
        },
        {
          "Item1": "UiPath",
          "Item2": "[10.0.7004.31775, )"
        }
      ]
    },
    "UiPath.Vision": {
      "Id": "UiPath.Vision",
      "Version": "1.4.0",
      "Dependencies": []
    },
    "UiPathTeam.Excel.Extensions.Activities": {
      "Id": "UiPathTeam.Excel.Extensions.Activities",
      "Version": "1.0.7018.25224",
      "Dependencies": []
    },
    "UiPathTeam.XLExcel.Activities": {
      "Id": "UiPathTeam.XLExcel.Activities",
      "Version": "1.0.6814.30102",
      "Dependencies": [
        {
          "Item1": "DocumentFormat.OpenXml",
          "Item2": "[2.5.0, )"
        },
        {
          "Item1": "Microsoft.Office.Interop.Excel",
          "Item2": "[15.0.4795.1000, )"
        }
      ]
    }
  }
}