{
  "version": 3,
  "targets": {
    ".NETFramework,Version=v4.6.1": {
      "AForge/2.2.5": {
        "type": "package",
        "compile": {
          "lib/_._": {}
        },
        "runtime": {
          "lib/AForge.dll": {}
        }
      },
      "AForge.Genetic/2.2.5": {
        "type": "package",
        "dependencies": {
          "AForge": "2.2.5",
          "AForge.Math": "2.2.5"
        },
        "compile": {
          "lib/_._": {}
        },
        "runtime": {
          "lib/AForge.Genetic.dll": {}
        }
      },
      "AForge.Imaging/2.2.5": {
        "type": "package",
        "dependencies": {
          "AForge": "2.2.5",
          "AForge.Math": "2.2.5"
        },
        "compile": {
          "lib/_._": {}
        },
        "runtime": {
          "lib/AForge.Imaging.dll": {}
        }
      },
      "AForge.Math/2.2.5": {
        "type": "package",
        "dependencies": {
          "AForge": "2.2.5"
        },
        "compile": {
          "lib/_._": {}
        },
        "runtime": {
          "lib/AForge.Math.dll": {}
        }
      },
      "AForge.Neuro/2.2.5": {
        "type": "package",
        "dependencies": {
          "AForge": "2.2.5",
          "AForge.Genetic": "2.2.5",
          "AForge.Math": "2.2.5"
        },
        "compile": {
          "lib/_._": {}
        },
        "runtime": {
          "lib/AForge.Neuro.dll": {}
        }
      },
      "AvalonEdit/5.0.3": {
        "type": "package",
        "compile": {
          "lib/Net40/_._": {}
        },
        "runtime": {
          "lib/Net40/ICSharpCode.AvalonEdit.dll": {}
        }
      },
      "BitMiracle.Docotic.Pdf/5.2.8369": {
        "type": "package",
        "compile": {
          "lib/net40/_._": {}
        },
        "runtime": {
          "lib/net40/BitMiracle.Docotic.Pdf.dll": {}
        }
      },
      "BouncyCastle/1.8.1": {
        "type": "package",
        "compile": {
          "lib/_._": {}
        },
        "runtime": {
          "lib/BouncyCastle.Crypto.dll": {}
        }
      },
      "ClosedXML/0.87.1": {
        "type": "package",
        "dependencies": {
          "DocumentFormat.OpenXml": "2.5.0"
        },
        "compile": {
          "lib/net40/_._": {}
        },
        "runtime": {
          "lib/net40/ClosedXML.dll": {}
        }
      },
      "CredentialManagement/1.0.2": {
        "type": "package",
        "frameworkAssemblies": [
          "CredentialManagement"
        ],
        "compile": {
          "lib/net35/_._": {}
        },
        "runtime": {
          "lib/net35/CredentialManagement.dll": {}
        }
      },
      "CsvHelper/2.13.5": {
        "type": "package",
        "compile": {
          "lib/net40-client/_._": {}
        },
        "runtime": {
          "lib/net40-client/CsvHelper.dll": {}
        }
      },
      "DocumentFormat.OpenXml/2.5.0": {
        "type": "package",
        "compile": {
          "lib/_._": {}
        },
        "runtime": {
          "lib/DocumentFormat.OpenXml.dll": {}
        }
      },
      "DocX/1.0.0.18": {
        "type": "package",
        "compile": {
          "lib/net40/_._": {}
        },
        "runtime": {
          "lib/net40/DocX.dll": {}
        }
      },
      "Extended.Wpf.Toolkit/2.8.0": {
        "type": "package",
        "frameworkAssemblies": [
          "PresentationCore",
          "PresentationFramework",
          "System",
          "System.Xaml",
          "WindowsBase"
        ],
        "compile": {
          "lib/net40/_._": {}
        },
        "runtime": {
          "lib/net40/Xceed.Wpf.AvalonDock.Themes.Aero.dll": {},
          "lib/net40/Xceed.Wpf.AvalonDock.Themes.Metro.dll": {},
          "lib/net40/Xceed.Wpf.AvalonDock.Themes.VS2010.dll": {},
          "lib/net40/Xceed.Wpf.AvalonDock.dll": {},
          "lib/net40/Xceed.Wpf.DataGrid.dll": {},
          "lib/net40/Xceed.Wpf.Toolkit.dll": {}
        },
        "resource": {
          "lib/net40/de/Xceed.Wpf.AvalonDock.resources.dll": {
            "locale": "de"
          },
          "lib/net40/es/Xceed.Wpf.AvalonDock.resources.dll": {
            "locale": "es"
          },
          "lib/net40/fr/Xceed.Wpf.AvalonDock.resources.dll": {
            "locale": "fr"
          },
          "lib/net40/hu/Xceed.Wpf.AvalonDock.resources.dll": {
            "locale": "hu"
          },
          "lib/net40/it/Xceed.Wpf.AvalonDock.resources.dll": {
            "locale": "it"
          },
          "lib/net40/pt-BR/Xceed.Wpf.AvalonDock.resources.dll": {
            "locale": "pt-BR"
          },
          "lib/net40/ro/Xceed.Wpf.AvalonDock.resources.dll": {
            "locale": "ro"
          },
          "lib/net40/ru/Xceed.Wpf.AvalonDock.resources.dll": {
            "locale": "ru"
          },
          "lib/net40/sv/Xceed.Wpf.AvalonDock.resources.dll": {
            "locale": "sv"
          },
          "lib/net40/zh-Hans/Xceed.Wpf.AvalonDock.resources.dll": {
            "locale": "zh-Hans"
          }
        }
      },
      "FSharp.Core/4.0.0.1": {
        "type": "package",
        "compile": {
          "lib/net40/_._": {}
        },
        "runtime": {
          "lib/net40/FSharp.Core.dll": {}
        }
      },
      "Humanizer.Core/2.4.2": {
        "type": "package",
        "compile": {
          "lib/netstandard2.0/_._": {}
        },
        "runtime": {
          "lib/netstandard2.0/Humanizer.dll": {}
        }
      },
      "IvanAkcheurov.NTextCat.Lib/0.2.1.1": {
        "type": "package",
        "compile": {
          "lib/net40/_._": {}
        },
        "runtime": {
          "lib/net40/IvanAkcheurov.Commons.dll": {},
          "lib/net40/IvanAkcheurov.NClassify.dll": {},
          "lib/net40/IvanAkcheurov.NTextCat.Lib.dll": {}
        }
      },
      "MathNet.Numerics/4.5.1": {
        "type": "package",
        "frameworkAssemblies": [
          "System",
          "System.Core",
          "System.Numerics",
          "System.Runtime.Serialization"
        ],
        "compile": {
          "lib/net461/_._": {}
        },
        "runtime": {
          "lib/net461/MathNet.Numerics.dll": {}
        }
      },
      "Metrics.NET/0.5.5": {
        "type": "package",
        "compile": {
          "lib/net45/_._": {}
        },
        "runtime": {
          "lib/net45/Metrics.dll": {}
        }
      },
      "Microsoft.Exchange.WebServices/2.2.0": {
        "type": "package",
        "compile": {
          "lib/40/_._": {}
        },
        "runtime": {
          "lib/40/Microsoft.Exchange.WebServices.Auth.dll": {},
          "lib/40/Microsoft.Exchange.WebServices.dll": {}
        }
      },
      "Microsoft.Rest.ClientRuntime/2.3.10": {
        "type": "package",
        "dependencies": {
          "Newtonsoft.Json": "6.0.8"
        },
        "compile": {
          "lib/net452/_._": {}
        },
        "runtime": {
          "lib/net452/Microsoft.Rest.ClientRuntime.dll": {}
        }
      },
      "Microsoft.VisualStudio.OLE.Interop/7.10.6071": {
        "type": "package",
        "compile": {
          "lib/_._": {}
        },
        "runtime": {
          "lib/Microsoft.VisualStudio.OLE.Interop.dll": {}
        }
      },
      "Newtonsoft.Json/11.0.2": {
        "type": "package",
        "compile": {
          "lib/net45/_._": {}
        },
        "runtime": {
          "lib/net45/Newtonsoft.Json.dll": {}
        }
      },
      "NPOI/2.4.1": {
        "type": "package",
        "dependencies": {
          "SharpZipLib": "1.0.0"
        },
        "compile": {
          "lib/net45/_._": {}
        },
        "runtime": {
          "lib/net45/NPOI.OOXML.dll": {},
          "lib/net45/NPOI.OpenXml4Net.dll": {},
          "lib/net45/NPOI.OpenXmlFormats.dll": {},
          "lib/net45/NPOI.dll": {}
        }
      },
      "Numsense/0.12.0": {
        "type": "package",
        "dependencies": {
          "FSharp.Core": "4.0.0.1"
        },
        "compile": {
          "lib/net45/_._": {}
        },
        "runtime": {
          "lib/net45/Ploeh.Numsense.dll": {}
        }
      },
      "RestSharp/106.3.1": {
        "type": "package",
        "frameworkAssemblies": [
          "System.Web"
        ],
        "compile": {
          "lib/net452/_._": {}
        },
        "runtime": {
          "lib/net452/RestSharp.dll": {}
        }
      },
      "SharpZipLib/1.0.0": {
        "type": "package",
        "compile": {
          "lib/net45/_._": {}
        },
        "runtime": {
          "lib/net45/ICSharpCode.SharpZipLib.dll": {}
        }
      },
      "System.Collections.Immutable/1.5.0": {
        "type": "package",
        "compile": {
          "lib/netstandard2.0/_._": {}
        },
        "runtime": {
          "lib/netstandard2.0/System.Collections.Immutable.dll": {}
        }
      },
      "System.Runtime.InteropServices.RuntimeInformation/4.3.0": {
        "type": "package",
        "compile": {
          "ref/netstandard1.1/_._": {}
        },
        "runtime": {
          "lib/net45/System.Runtime.InteropServices.RuntimeInformation.dll": {}
        },
        "runtimeTargets": {
          "runtimes/unix/lib/netstandard1.1/System.Runtime.InteropServices.RuntimeInformation.dll": {
            "assetType": "runtime",
            "rid": "unix"
          },
          "runtimes/win/lib/net45/System.Runtime.InteropServices.RuntimeInformation.dll": {
            "assetType": "runtime",
            "rid": "win"
          }
        }
      },
      "System.ValueTuple/4.5.0": {
        "type": "package",
        "frameworkAssemblies": [
          "System",
          "mscorlib"
        ],
        "compile": {
          "ref/net461/_._": {}
        },
        "runtime": {
          "lib/net461/System.ValueTuple.dll": {}
        }
      },
      "UiPath/10.0.7004.31775": {
        "type": "package",
        "compile": {
          "lib/_._": {}
        },
        "runtime": {
          "lib/UiPath.Interop.dll": {}
        },
        "build": {
          "build/_._": {}
        }
      },
      "UiPath.CefSharpBundle/1.0.0": {
        "type": "package",
        "compile": {
          "lib/net452/_._": {}
        },
        "runtime": {
          "lib/net452/CefSharp.Core.dll": {},
          "lib/net452/CefSharp.Wpf.dll": {},
          "lib/net452/CefSharp.dll": {}
        },
        "build": {
          "build/_._": {}
        }
      },
      "UiPath.Cognitive.Activities/2.2.0": {
        "type": "package",
        "dependencies": {
          "Newtonsoft.Json": "8.0.3"
        },
        "compile": {
          "lib/net452/_._": {}
        },
        "runtime": {
          "lib/net452/UiPath.Cognitive.Activities.Design.dll": {},
          "lib/net452/UiPath.Cognitive.Activities.dll": {},
          "lib/net452/UiPath.Cognitive.dll": {}
        },
        "resource": {
          "lib/net452/fr/UiPath.Cognitive.Activities.Design.resources.dll": {
            "locale": "fr"
          },
          "lib/net452/fr/UiPath.Cognitive.Activities.resources.dll": {
            "locale": "fr"
          },
          "lib/net452/fr/UiPath.Cognitive.resources.dll": {
            "locale": "fr"
          },
          "lib/net452/ja/UiPath.Cognitive.Activities.Design.resources.dll": {
            "locale": "ja"
          },
          "lib/net452/ja/UiPath.Cognitive.Activities.resources.dll": {
            "locale": "ja"
          },
          "lib/net452/ja/UiPath.Cognitive.resources.dll": {
            "locale": "ja"
          },
          "lib/net452/ru/UiPath.Cognitive.Activities.Design.resources.dll": {
            "locale": "ru"
          },
          "lib/net452/ru/UiPath.Cognitive.Activities.resources.dll": {
            "locale": "ru"
          },
          "lib/net452/ru/UiPath.Cognitive.resources.dll": {
            "locale": "ru"
          }
        }
      },
      "UiPath.Credentials.Activities/1.1.6479.13204": {
        "type": "package",
        "dependencies": {
          "CredentialManagement": "1.0.2"
        },
        "compile": {
          "lib/net40-client/_._": {}
        },
        "runtime": {
          "lib/net40-client/UiPath.Credentials.Activities.dll": {}
        }
      },
      "UiPath.Excel.Activities/2.5.2": {
        "type": "package",
        "dependencies": {
          "ClosedXML": "0.87.1",
          "CsvHelper": "2.13.5",
          "DocumentFormat.OpenXml": "2.5.0",
          "Microsoft.VisualStudio.OLE.Interop": "7.10.6071",
          "NPOI": "2.4.1",
          "SharpZipLib": "1.0.0"
        },
        "compile": {
          "lib/net452/_._": {}
        },
        "runtime": {
          "lib/net452/UiPath.Excel.Activities.Design.dll": {},
          "lib/net452/UiPath.Excel.Activities.dll": {},
          "lib/net452/UiPath.Excel.dll": {}
        },
        "resource": {
          "lib/net452/fr/UiPath.Excel.Activities.Design.resources.dll": {
            "locale": "fr"
          },
          "lib/net452/fr/UiPath.Excel.Activities.resources.dll": {
            "locale": "fr"
          },
          "lib/net452/fr/UiPath.Excel.resources.dll": {
            "locale": "fr"
          },
          "lib/net452/ja/UiPath.Excel.Activities.Design.resources.dll": {
            "locale": "ja"
          },
          "lib/net452/ja/UiPath.Excel.Activities.resources.dll": {
            "locale": "ja"
          },
          "lib/net452/ja/UiPath.Excel.resources.dll": {
            "locale": "ja"
          },
          "lib/net452/ru/UiPath.Excel.Activities.Design.resources.dll": {
            "locale": "ru"
          },
          "lib/net452/ru/UiPath.Excel.Activities.resources.dll": {
            "locale": "ru"
          },
          "lib/net452/ru/UiPath.Excel.resources.dll": {
            "locale": "ru"
          }
        }
      },
      "UiPath.IntelligentOCR.Activities/1.6.1": {
        "type": "package",
        "dependencies": {
          "AForge.Imaging": "2.2.5",
          "AForge.Neuro": "2.2.5",
          "BitMiracle.Docotic.Pdf": "5.2.8369",
          "CsvHelper": "2.13.5",
          "IvanAkcheurov.NTextCat.Lib": "0.2.1.1",
          "MathNet.Numerics": "4.5.1",
          "Metrics.NET": "0.5.5",
          "Newtonsoft.Json": "11.0.2",
          "Numsense": "0.12.0",
          "System.Collections.Immutable": "1.5.0",
          "System.Runtime.InteropServices.RuntimeInformation": "4.3.0",
          "System.ValueTuple": "4.5.0",
          "UiPath.CefSharpBundle": "1.0.0",
          "UiPath.Vision": "1.4.0"
        },
        "compile": {
          "lib/net461/_._": {}
        },
        "runtime": {
          "lib/net461/FCEngine.VisualComponents.dll": {},
          "lib/net461/Interop.FCEngine.dll": {},
          "lib/net461/UiPath.IntelligentOCR.Activities.Design.dll": {},
          "lib/net461/UiPath.IntelligentOCR.Activities.dll": {},
          "lib/net461/UiPath.IntelligentOCR.dll": {},
          "lib/net461/UiPath.SmartData.Data.dll": {},
          "lib/net461/UiPath.SmartData.DataContracts.dll": {},
          "lib/net461/UiPath.SmartData.Digitization.dll": {},
          "lib/net461/UiPath.SmartData.DocumentClassification.dll": {},
          "lib/net461/UiPath.SmartData.FixedForms.dll": {},
          "lib/net461/UiPath.SmartData.Host.Local.Infrastructure.dll": {},
          "lib/net461/UiPath.SmartData.ImageProcessing.dll": {},
          "lib/net461/UiPath.SmartData.Language.dll": {},
          "lib/net461/UiPath.SmartData.Localization.dll": {},
          "lib/net461/UiPath.SmartData.OCR.dll": {},
          "lib/net461/UiPath.SmartData.OutOfProcessUi.Common.dll": {},
          "lib/net461/UiPath.SmartData.OutOfProcessUi.Host.WCF.exe": {},
          "lib/net461/UiPath.SmartData.PDF.dll": {},
          "lib/net461/UiPath.SmartData.TableProcessing.dll": {},
          "lib/net461/UiPath.SmartData.TaxonomyManager.Host.Local.dll": {},
          "lib/net461/UiPath.SmartData.TaxonomyManager.Storage.dll": {},
          "lib/net461/UiPath.SmartData.TaxonomyManager.dll": {},
          "lib/net461/UiPath.SmartData.Utils.dll": {},
          "lib/net461/UiPath.SmartData.ValidationStation.Host.Local.dll": {},
          "lib/net461/UiPath.SmartData.ValidationStation.PDF.Optimization.dll": {},
          "lib/net461/UiPath.SmartData.ValidationStation.Storage.dll": {},
          "lib/net461/UiPath.SmartData.ValidationStation.ValueParsing.dll": {},
          "lib/net461/UiPath.SmartData.ValidationStation.dll": {}
        },
        "resource": {
          "lib/net461/fr/UiPath.IntelligentOCR.Activities.Design.resources.dll": {
            "locale": "fr"
          },
          "lib/net461/fr/UiPath.IntelligentOCR.Activities.resources.dll": {
            "locale": "fr"
          },
          "lib/net461/fr/UiPath.IntelligentOCR.resources.dll": {
            "locale": "fr"
          },
          "lib/net461/fr/UiPath.SmartData.Host.Local.Infrastructure.resources.dll": {
            "locale": "fr"
          },
          "lib/net461/fr/UiPath.SmartData.TaxonomyManager.Host.Local.resources.dll": {
            "locale": "fr"
          },
          "lib/net461/fr/UiPath.SmartData.TaxonomyManager.resources.dll": {
            "locale": "fr"
          },
          "lib/net461/fr/UiPath.SmartData.ValidationStation.Host.Local.resources.dll": {
            "locale": "fr"
          },
          "lib/net461/fr/UiPath.SmartData.ValidationStation.resources.dll": {
            "locale": "fr"
          },
          "lib/net461/ja/UiPath.IntelligentOCR.Activities.Design.resources.dll": {
            "locale": "ja"
          },
          "lib/net461/ja/UiPath.IntelligentOCR.Activities.resources.dll": {
            "locale": "ja"
          },
          "lib/net461/ja/UiPath.IntelligentOCR.resources.dll": {
            "locale": "ja"
          },
          "lib/net461/ja/UiPath.SmartData.Host.Local.Infrastructure.resources.dll": {
            "locale": "ja"
          },
          "lib/net461/ja/UiPath.SmartData.TaxonomyManager.Host.Local.resources.dll": {
            "locale": "ja"
          },
          "lib/net461/ja/UiPath.SmartData.TaxonomyManager.resources.dll": {
            "locale": "ja"
          },
          "lib/net461/ja/UiPath.SmartData.ValidationStation.Host.Local.resources.dll": {
            "locale": "ja"
          },
          "lib/net461/ja/UiPath.SmartData.ValidationStation.resources.dll": {
            "locale": "ja"
          },
          "lib/net461/ru/UiPath.IntelligentOCR.Activities.Design.resources.dll": {
            "locale": "ru"
          },
          "lib/net461/ru/UiPath.IntelligentOCR.Activities.resources.dll": {
            "locale": "ru"
          },
          "lib/net461/ru/UiPath.IntelligentOCR.resources.dll": {
            "locale": "ru"
          },
          "lib/net461/ru/UiPath.SmartData.Host.Local.Infrastructure.resources.dll": {
            "locale": "ru"
          },
          "lib/net461/ru/UiPath.SmartData.TaxonomyManager.Host.Local.resources.dll": {
            "locale": "ru"
          },
          "lib/net461/ru/UiPath.SmartData.TaxonomyManager.resources.dll": {
            "locale": "ru"
          },
          "lib/net461/ru/UiPath.SmartData.ValidationStation.Host.Local.resources.dll": {
            "locale": "ru"
          },
          "lib/net461/ru/UiPath.SmartData.ValidationStation.resources.dll": {
            "locale": "ru"
          }
        }
      },
      "UiPath.Mail.Activities/1.3.0": {
        "type": "package",
        "dependencies": {
          "BouncyCastle": "1.8.1",
          "Microsoft.Exchange.WebServices": "2.2.0"
        },
        "compile": {
          "lib/net452/_._": {}
        },
        "runtime": {
          "lib/net452/MailKit.dll": {},
          "lib/net452/MimeKit.dll": {},
          "lib/net452/UiPath.Mail.Activities.Design.dll": {},
          "lib/net452/UiPath.Mail.Activities.dll": {},
          "lib/net452/UiPath.Mail.dll": {}
        },
        "resource": {
          "lib/net452/fr/UiPath.Mail.Activities.Design.resources.dll": {
            "locale": "fr"
          },
          "lib/net452/fr/UiPath.Mail.Activities.resources.dll": {
            "locale": "fr"
          },
          "lib/net452/fr/UiPath.Mail.resources.dll": {
            "locale": "fr"
          },
          "lib/net452/ja/UiPath.Mail.Activities.Design.resources.dll": {
            "locale": "ja"
          },
          "lib/net452/ja/UiPath.Mail.Activities.resources.dll": {
            "locale": "ja"
          },
          "lib/net452/ja/UiPath.Mail.resources.dll": {
            "locale": "ja"
          },
          "lib/net452/ru/UiPath.Mail.Activities.Design.resources.dll": {
            "locale": "ru"
          },
          "lib/net452/ru/UiPath.Mail.Activities.resources.dll": {
            "locale": "ru"
          },
          "lib/net452/ru/UiPath.Mail.resources.dll": {
            "locale": "ru"
          }
        }
      },
      "UiPath.PDF.Activities/1.3.1": {
        "type": "package",
        "compile": {
          "lib/net452/_._": {}
        },
        "runtime": {
          "lib/net452/UiPath.PDF.Activities.Design.dll": {},
          "lib/net452/UiPath.PDF.Activities.dll": {},
          "lib/net452/UiPath.PDF.dll": {}
        },
        "resource": {
          "lib/net452/fr/UiPath.PDF.Activities.Design.resources.dll": {
            "locale": "fr"
          },
          "lib/net452/fr/UiPath.PDF.Activities.resources.dll": {
            "locale": "fr"
          },
          "lib/net452/fr/UiPath.PDF.resources.dll": {
            "locale": "fr"
          },
          "lib/net452/ja/UiPath.PDF.Activities.Design.resources.dll": {
            "locale": "ja"
          },
          "lib/net452/ja/UiPath.PDF.Activities.resources.dll": {
            "locale": "ja"
          },
          "lib/net452/ja/UiPath.PDF.resources.dll": {
            "locale": "ja"
          },
          "lib/net452/ru/UiPath.PDF.Activities.Design.resources.dll": {
            "locale": "ru"
          },
          "lib/net452/ru/UiPath.PDF.Activities.resources.dll": {
            "locale": "ru"
          },
          "lib/net452/ru/UiPath.PDF.resources.dll": {
            "locale": "ru"
          }
        }
      },
      "UiPath.System.Activities/19.3.0": {
        "type": "package",
        "dependencies": {
          "CsvHelper": "2.13.5",
          "Microsoft.Rest.ClientRuntime": "2.3.10",
          "Newtonsoft.Json": "11.0.2"
        },
        "compile": {
          "lib/net461/_._": {}
        },
        "runtime": {
          "lib/net461/ActiproSoftware.Docking.Wpf.dll": {},
          "lib/net461/ActiproSoftware.Ribbon.Wpf.dll": {},
          "lib/net461/ActiproSoftware.Shared.Wpf.dll": {},
          "lib/net461/ActiproSoftware.SyntaxEditor.Addons.DotNet.Wpf.dll": {},
          "lib/net461/ActiproSoftware.SyntaxEditor.Wpf.dll": {},
          "lib/net461/ActiproSoftware.Text.Addons.DotNet.Wpf.dll": {},
          "lib/net461/ActiproSoftware.Text.LLParser.Wpf.dll": {},
          "lib/net461/ActiproSoftware.Text.Wpf.dll": {},
          "lib/net461/ActiproSoftware.Wizard.Wpf.dll": {},
          "lib/net461/CustomInputForm.exe": {},
          "lib/net461/UiPath.OrchestratorClient.dll": {},
          "lib/net461/UiPath.System.Activities.Design.dll": {},
          "lib/net461/UiPath.System.Activities.dll": {}
        },
        "resource": {
          "lib/net461/fr/UiPath.System.Activities.Design.resources.dll": {
            "locale": "fr"
          },
          "lib/net461/fr/UiPath.System.Activities.resources.dll": {
            "locale": "fr"
          },
          "lib/net461/ja/UiPath.System.Activities.Design.resources.dll": {
            "locale": "ja"
          },
          "lib/net461/ja/UiPath.System.Activities.resources.dll": {
            "locale": "ja"
          },
          "lib/net461/ru/UiPath.System.Activities.Design.resources.dll": {
            "locale": "ru"
          },
          "lib/net461/ru/UiPath.System.Activities.resources.dll": {
            "locale": "ru"
          }
        }
      },
      "UiPath.UIAutomation.Activities/19.3.0": {
        "type": "package",
        "dependencies": {
          "AvalonEdit": "5.0.3",
          "Extended.Wpf.Toolkit": "2.8.0",
          "Humanizer.Core": "2.4.2",
          "UiPath": "10.0.7004.31775",
          "UiPath.Vision": "1.4.0"
        },
        "compile": {
          "lib/net461/_._": {}
        },
        "runtime": {
          "lib/net461/ActiproSoftware.Docking.Wpf.dll": {},
          "lib/net461/ActiproSoftware.Editors.Wpf.dll": {},
          "lib/net461/ActiproSoftware.Ribbon.Wpf.dll": {},
          "lib/net461/ActiproSoftware.Shared.Wpf.dll": {},
          "lib/net461/ActiproSoftware.SyntaxEditor.Addons.DotNet.Wpf.dll": {},
          "lib/net461/ActiproSoftware.SyntaxEditor.Wpf.dll": {},
          "lib/net461/ActiproSoftware.Text.Addons.DotNet.Wpf.dll": {},
          "lib/net461/ActiproSoftware.Text.LLParser.Wpf.dll": {},
          "lib/net461/ActiproSoftware.Text.Wpf.dll": {},
          "lib/net461/ActiproSoftware.Wizard.Wpf.dll": {},
          "lib/net461/UiPath.UIAutomation.Activities.Design.dll": {},
          "lib/net461/UiPath.UiAutomation.Activities.dll": {},
          "lib/net461/UiPath.Wizards.dll": {}
        },
        "resource": {
          "lib/net461/fr/UiPath.UIAutomation.Activities.Design.resources.dll": {
            "locale": "fr"
          },
          "lib/net461/fr/UiPath.UiAutomation.Activities.resources.dll": {
            "locale": "fr"
          },
          "lib/net461/fr/UiPath.Wizards.resources.dll": {
            "locale": "fr"
          },
          "lib/net461/ja/UiPath.UIAutomation.Activities.Design.resources.dll": {
            "locale": "ja"
          },
          "lib/net461/ja/UiPath.UiAutomation.Activities.resources.dll": {
            "locale": "ja"
          },
          "lib/net461/ja/UiPath.Wizards.resources.dll": {
            "locale": "ja"
          },
          "lib/net461/ru/UiPath.UIAutomation.Activities.Design.resources.dll": {
            "locale": "ru"
          },
          "lib/net461/ru/UiPath.UiAutomation.Activities.resources.dll": {
            "locale": "ru"
          },
          "lib/net461/ru/UiPath.Wizards.resources.dll": {
            "locale": "ru"
          }
        }
      },
      "UiPath.Vision/1.4.0": {
        "type": "package",
        "compile": {
          "lib/net452/_._": {}
        },
        "runtime": {
          "lib/net452/UiPath.Vision.Core.dll": {},
          "lib/net452/UiPath.Vision.dll": {}
        }
      },
      "UiPath.WebAPI.Activities/1.4.0": {
        "type": "package",
        "dependencies": {
          "AvalonEdit": "5.0.3",
          "Newtonsoft.Json": "11.0.2",
          "RestSharp": "106.3.1"
        },
        "compile": {
          "lib/net452/_._": {}
        },
        "runtime": {
          "lib/net452/UiPath.Web.Activities.Design.dll": {},
          "lib/net452/UiPath.Web.Activities.dll": {},
          "lib/net452/UiPath.Web.dll": {}
        },
        "resource": {
          "lib/net452/fr/UiPath.Web.Activities.Design.resources.dll": {
            "locale": "fr"
          },
          "lib/net452/fr/UiPath.Web.Activities.resources.dll": {
            "locale": "fr"
          },
          "lib/net452/fr/UiPath.Web.resources.dll": {
            "locale": "fr"
          },
          "lib/net452/ja/UiPath.Web.Activities.Design.resources.dll": {
            "locale": "ja"
          },
          "lib/net452/ja/UiPath.Web.Activities.resources.dll": {
            "locale": "ja"
          },
          "lib/net452/ja/UiPath.Web.resources.dll": {
            "locale": "ja"
          },
          "lib/net452/ru/UiPath.Web.Activities.Design.resources.dll": {
            "locale": "ru"
          },
          "lib/net452/ru/UiPath.Web.Activities.resources.dll": {
            "locale": "ru"
          },
          "lib/net452/ru/UiPath.Web.resources.dll": {
            "locale": "ru"
          }
        }
      },
      "UiPath.Word.Activities/1.3.0": {
        "type": "package",
        "dependencies": {
          "DocX": "1.0.0.18"
        },
        "compile": {
          "lib/net452/_._": {}
        },
        "runtime": {
          "lib/net452/UiPath.Word.Activities.Design.dll": {},
          "lib/net452/UiPath.Word.Activities.dll": {},
          "lib/net452/UiPath.Word.dll": {}
        },
        "resource": {
          "lib/net452/fr/UiPath.Word.Activities.Design.resources.dll": {
            "locale": "fr"
          },
          "lib/net452/fr/UiPath.Word.Activities.resources.dll": {
            "locale": "fr"
          },
          "lib/net452/fr/UiPath.Word.resources.dll": {
            "locale": "fr"
          },
          "lib/net452/ja/UiPath.Word.Activities.Design.resources.dll": {
            "locale": "ja"
          },
          "lib/net452/ja/UiPath.Word.Activities.resources.dll": {
            "locale": "ja"
          },
          "lib/net452/ja/UiPath.Word.resources.dll": {
            "locale": "ja"
          },
          "lib/net452/ru/UiPath.Word.Activities.Design.resources.dll": {
            "locale": "ru"
          },
          "lib/net452/ru/UiPath.Word.Activities.resources.dll": {
            "locale": "ru"
          },
          "lib/net452/ru/UiPath.Word.resources.dll": {
            "locale": "ru"
          }
        }
      }
    }
  },
  "libraries": {
    "AForge/2.2.5": {
      "sha512": "clkumhM9DggqIzEXAHgVLeWO4arG5YfoPr7J4jfjJx35AoeEIJSSm49J25bwp/9mXQYLwi7y1Wunc8qgYJsGxg==",
      "type": "package",
      "path": "aforge/2.2.5",
      "files": [
        "aforge.2.2.5.nupkg.sha512",
        "aforge.nuspec",
        "lib/AForge.dll",
        "lib/AForge.xml"
      ]
    },
    "AForge.Genetic/2.2.5": {
      "sha512": "vvTs2HsLmRQ7jdcyOa7ePpYdGsn8jLHBmA7d1zemDMwHyxDK3bBco9TooH/nwkpmzag2puZQB71hj5V9DtVf9w==",
      "type": "package",
      "path": "aforge.genetic/2.2.5",
      "files": [
        "aforge.genetic.2.2.5.nupkg.sha512",
        "aforge.genetic.nuspec",
        "lib/AForge.Genetic.dll",
        "lib/AForge.Genetic.xml"
      ]
    },
    "AForge.Imaging/2.2.5": {
      "sha512": "n8l7Zdsm89EFW9Uz4uCO3D428Gu4Q56YxixSMJPruen1c30R8R9Mm8AreTdoOi2XjN5id04JwFFlXYTk8pIIfw==",
      "type": "package",
      "path": "aforge.imaging/2.2.5",
      "files": [
        "aforge.imaging.2.2.5.nupkg.sha512",
        "aforge.imaging.nuspec",
        "lib/AForge.Imaging.dll",
        "lib/AForge.Imaging.xml"
      ]
    },
    "AForge.Math/2.2.5": {
      "sha512": "pmT1WobVv13vMxwXhCu8sRunxjiUHyURWS0+dsW/aBPi06xiyYIdCLHI6jph9Axb4QoLIlb85eBI6zd2EAbGIg==",
      "type": "package",
      "path": "aforge.math/2.2.5",
      "files": [
        "aforge.math.2.2.5.nupkg.sha512",
        "aforge.math.nuspec",
        "lib/AForge.Math.dll",
        "lib/AForge.Math.xml"
      ]
    },
    "AForge.Neuro/2.2.5": {
      "sha512": "eoVtFneS0JrK9PlaqwwAAcA7j92ke+3DCoXAHTHA+KatRki51d5inwyzah/jCF5Pz6b3r0vglkh4IGZ/La2yWg==",
      "type": "package",
      "path": "aforge.neuro/2.2.5",
      "files": [
        "aforge.neuro.2.2.5.nupkg.sha512",
        "aforge.neuro.nuspec",
        "lib/AForge.Neuro.dll",
        "lib/AForge.Neuro.xml"
      ]
    },
    "AvalonEdit/5.0.3": {
      "sha512": "L5CgXRniZRxI/tjoBztVgZnvTL1F/qKrRJa+Q88I0Gl78WRNaqdMkuOlkAsOHTauBGZSQNDO0/X+xIpzfzmLdQ==",
      "type": "package",
      "path": "avalonedit/5.0.3",
      "files": [
        "avalonedit.5.0.3.nupkg.sha512",
        "avalonedit.nuspec",
        "lib/Net35/ICSharpCode.AvalonEdit.dll",
        "lib/Net35/ICSharpCode.AvalonEdit.xml",
        "lib/Net40/ICSharpCode.AvalonEdit.dll",
        "lib/Net40/ICSharpCode.AvalonEdit.xml"
      ]
    },
    "BitMiracle.Docotic.Pdf/5.2.8369": {
      "sha512": "vN6Z/YdfJ05XgKHorCc6S715Fv/8SAgp6nR9w3HjxyS4KAr/f1zGNjZwuOznxg46qnBiBsCHXMsLkgEmiNEUqg==",
      "type": "package",
      "path": "bitmiracle.docotic.pdf/5.2.8369",
      "files": [
        "bitmiracle.docotic.pdf.5.2.8369.nupkg.sha512",
        "bitmiracle.docotic.pdf.nuspec",
        "lib/net20/BitMiracle.Docotic.Pdf.dll",
        "lib/net20/BitMiracle.Docotic.Pdf.xml",
        "lib/net40/BitMiracle.Docotic.Pdf.dll",
        "lib/net40/BitMiracle.Docotic.Pdf.xml",
        "lib/netstandard1.3/BitMiracle.Docotic.Pdf.dll",
        "lib/netstandard1.3/BitMiracle.Docotic.Pdf.xml",
        "readme.txt"
      ]
    },
    "BouncyCastle/1.8.1": {
      "sha512": "nH+P67LavO5EcxjKdBxFfRdfdFhivS3Xp3+0br1KcpCI8DM6ksCWy6YYZjk7XFV+VsHGtkUovwIZ/vmCp42geA==",
      "type": "package",
      "path": "bouncycastle/1.8.1",
      "files": [
        "Readme.txt",
        "bouncycastle.1.8.1.nupkg.sha512",
        "bouncycastle.nuspec",
        "lib/BouncyCastle.Crypto.dll"
      ]
    },
    "ClosedXML/0.87.1": {
      "sha512": "2LC0T8bu2G2kt34C4Ig87uZfrRO4MwMVI54e2To7m3DvwAs2Z2Ir86WQuUoW8Txo1uNGSfmu3DpfpQhSX0bIww==",
      "type": "package",
      "path": "closedxml/0.87.1",
      "files": [
        "closedxml.0.87.1.nupkg.sha512",
        "closedxml.nuspec",
        "lib/net35/ClosedXML.dll",
        "lib/net35/ClosedXML.pdb",
        "lib/net35/ClosedXML.xml",
        "lib/net40/ClosedXML.dll",
        "lib/net40/ClosedXML.pdb",
        "lib/net40/ClosedXML.xml"
      ]
    },
    "CredentialManagement/1.0.2": {
      "sha512": "VkP04/jFXaxT3TkcRhzETYtOrznQxRmQ2J1XJdbXz47Bir7hIzPR7mFZk4GJQ4An4gozW+vonpf+iqTHomAkQw==",
      "type": "package",
      "path": "credentialmanagement/1.0.2",
      "files": [
        "credentialmanagement.1.0.2.nupkg.sha512",
        "credentialmanagement.nuspec",
        "lib/net35/CredentialManagement.dll"
      ]
    },
    "CsvHelper/2.13.5": {
      "sha512": "fC8DPi/YTcZ8uXFiAeuT9EpsR2TE5cSJ2jg/4tht/Oen6az/djebpYoCQEtI33RfNrSZ533SedOknlWtUTX3fw==",
      "type": "package",
      "path": "csvhelper/2.13.5",
      "files": [
        "csvhelper.2.13.5.nupkg.sha512",
        "csvhelper.nuspec",
        "lib/net20/CsvHelper.dll",
        "lib/net20/CsvHelper.pdb",
        "lib/net20/CsvHelper.xml",
        "lib/net35-client/CsvHelper.dll",
        "lib/net35-client/CsvHelper.pdb",
        "lib/net35-client/CsvHelper.xml",
        "lib/net40-client/CsvHelper.dll",
        "lib/net40-client/CsvHelper.pdb",
        "lib/net40-client/CsvHelper.xml",
        "lib/portable-net40+sl5+win8+wpa+wp8/CsvHelper.dll",
        "lib/portable-net40+sl5+win8+wpa+wp8/CsvHelper.pdb",
        "lib/portable-net40+sl5+win8+wpa+wp8/CsvHelper.xml"
      ]
    },
    "DocumentFormat.OpenXml/2.5.0": {
      "sha512": "H5jnox0hcLwzAjrpNqDPIItjh7dplF1kk1z8LatpI2h75wBgps1MepEttJFKs7xedQReCMHA0tGpNI0H2B+Mrg==",
      "type": "package",
      "path": "documentformat.openxml/2.5.0",
      "files": [
        "documentformat.openxml.2.5.0.nupkg.sha512",
        "documentformat.openxml.nuspec",
        "lib/DocumentFormat.OpenXml.dll"
      ]
    },
    "DocX/1.0.0.18": {
      "sha512": "8E2yyGRmhitJ73wlO/dvMKcOktVY7fgGiFO3h/u3FvvcQBnUX+tDYtFekr82eF9g2sAQfEqc1nZAvjeinqHv4g==",
      "type": "package",
      "path": "docx/1.0.0.18",
      "files": [
        "docx.1.0.0.18.nupkg.sha512",
        "docx.nuspec",
        "lib/net40/DocX.dll"
      ]
    },
    "Extended.Wpf.Toolkit/2.8.0": {
      "sha512": "YzLQ/sB91g0gRftvlPGOqYJe6TwiPTQoYhO+4ZSsnxaMEQZ5KZIQySTtsTWZ0HJC5+xrgk1Z/if7kjY4cSRPdw==",
      "type": "package",
      "path": "extended.wpf.toolkit/2.8.0",
      "files": [
        ".signature.p7s",
        "extended.wpf.toolkit.2.8.0.nupkg.sha512",
        "extended.wpf.toolkit.nuspec",
        "lib/net35/WPFToolkit.dll",
        "lib/net35/Xceed.Wpf.Toolkit.dll",
        "lib/net40/Xceed.Wpf.AvalonDock.Themes.Aero.dll",
        "lib/net40/Xceed.Wpf.AvalonDock.Themes.Metro.dll",
        "lib/net40/Xceed.Wpf.AvalonDock.Themes.VS2010.dll",
        "lib/net40/Xceed.Wpf.AvalonDock.dll",
        "lib/net40/Xceed.Wpf.DataGrid.dll",
        "lib/net40/Xceed.Wpf.Toolkit.dll",
        "lib/net40/de/Xceed.Wpf.AvalonDock.resources.dll",
        "lib/net40/es/Xceed.Wpf.AvalonDock.resources.dll",
        "lib/net40/fr/Xceed.Wpf.AvalonDock.resources.dll",
        "lib/net40/hu/Xceed.Wpf.AvalonDock.resources.dll",
        "lib/net40/it/Xceed.Wpf.AvalonDock.resources.dll",
        "lib/net40/pt-BR/Xceed.Wpf.AvalonDock.resources.dll",
        "lib/net40/ro/Xceed.Wpf.AvalonDock.resources.dll",
        "lib/net40/ru/Xceed.Wpf.AvalonDock.resources.dll",
        "lib/net40/sv/Xceed.Wpf.AvalonDock.resources.dll",
        "lib/net40/zh-Hans/Xceed.Wpf.AvalonDock.resources.dll",
        "tools/install.ps1"
      ]
    },
    "FSharp.Core/4.0.0.1": {
      "sha512": "lNtlbbJ5hP8LEd7nKtTUiGEpLmHLWiU39x+0jq4rmRWG7Mgj6vYm+gmTOhtwpiPFX8j8zUsfLyA8AC7dZY75LQ==",
      "type": "package",
      "path": "fsharp.core/4.0.0.1",
      "files": [
        "fsharp.core.4.0.0.1.nupkg.sha512",
        "fsharp.core.nuspec",
        "lib/net20/FSharp.Core.dll",
        "lib/net20/FSharp.Core.optdata",
        "lib/net20/FSharp.Core.sigdata",
        "lib/net20/FSharp.Core.xml",
        "lib/net40/FSharp.Core.dll",
        "lib/net40/FSharp.Core.optdata",
        "lib/net40/FSharp.Core.sigdata",
        "lib/net40/FSharp.Core.xml",
        "lib/portable-net45+monoandroid10+monotouch10+xamarinios10/FSharp.Core.dll",
        "lib/portable-net45+monoandroid10+monotouch10+xamarinios10/FSharp.Core.optdata",
        "lib/portable-net45+monoandroid10+monotouch10+xamarinios10/FSharp.Core.sigdata",
        "lib/portable-net45+monoandroid10+monotouch10+xamarinios10/FSharp.Core.xml",
        "lib/portable-net45+netcore45+wp8/FSharp.Core.dll",
        "lib/portable-net45+netcore45+wp8/FSharp.Core.optdata",
        "lib/portable-net45+netcore45+wp8/FSharp.Core.sigdata",
        "lib/portable-net45+netcore45+wp8/FSharp.Core.xml",
        "lib/portable-net45+netcore45+wpa81+wp8/FSharp.Core.dll",
        "lib/portable-net45+netcore45+wpa81+wp8/FSharp.Core.optdata",
        "lib/portable-net45+netcore45+wpa81+wp8/FSharp.Core.sigdata",
        "lib/portable-net45+netcore45+wpa81+wp8/FSharp.Core.xml",
        "lib/portable-net45+netcore45/FSharp.Core.dll",
        "lib/portable-net45+netcore45/FSharp.Core.optdata",
        "lib/portable-net45+netcore45/FSharp.Core.sigdata",
        "lib/portable-net45+netcore45/FSharp.Core.xml",
        "lib/portable-net45+sl5+netcore45/FSharp.Core.dll",
        "lib/portable-net45+sl5+netcore45/FSharp.Core.optdata",
        "lib/portable-net45+sl5+netcore45/FSharp.Core.sigdata",
        "lib/portable-net45+sl5+netcore45/FSharp.Core.xml"
      ]
    },
    "Humanizer.Core/2.4.2": {
      "sha512": "A8amPZrfrFU+6BO+t/NLejofWah39XsRuovQqaHdYYtXANM+dexMrc+AbLmuH3qNV4hJv6FArBsBBtZcaODLZg==",
      "type": "package",
      "path": "humanizer.core/2.4.2",
      "files": [
        ".signature.p7s",
        "humanizer.core.2.4.2.nupkg.sha512",
        "humanizer.core.nuspec",
        "lib/netstandard1.0/Humanizer.dll",
        "lib/netstandard1.0/Humanizer.xml",
        "lib/netstandard2.0/Humanizer.dll",
        "lib/netstandard2.0/Humanizer.xml"
      ]
    },
    "IvanAkcheurov.NTextCat.Lib/0.2.1.1": {
      "sha512": "LOvUaSc4V4D/j3lxSEBjnWyfFS4le7Ez/2jzbsNSSeTl9WmZxVhFFgDYLWjA6qb9fJ1tUsy1bmeaRjU3GVumaw==",
      "type": "package",
      "path": "ivanakcheurov.ntextcat.lib/0.2.1.1",
      "files": [
        "Core14.profile.xml",
        "ivanakcheurov.ntextcat.lib.0.2.1.1.nupkg.sha512",
        "ivanakcheurov.ntextcat.lib.nuspec",
        "lib/net40/IvanAkcheurov.Commons.XML",
        "lib/net40/IvanAkcheurov.Commons.dll",
        "lib/net40/IvanAkcheurov.NClassify.XML",
        "lib/net40/IvanAkcheurov.NClassify.dll",
        "lib/net40/IvanAkcheurov.NTextCat.Lib.XML",
        "lib/net40/IvanAkcheurov.NTextCat.Lib.dll"
      ]
    },
    "MathNet.Numerics/4.5.1": {
      "sha512": "GOjrYhkAbzrObW8SG5X42ET0nbAAsJmJ3edBLk58dbHbiXeA0hZReqVYfRZTsqB/yYZhK8lgDliZjGKnk/gGhg==",
      "type": "package",
      "path": "mathnet.numerics/4.5.1",
      "files": [
        ".signature.p7s",
        "lib/net40/MathNet.Numerics.dll",
        "lib/net40/MathNet.Numerics.xml",
        "lib/net461/MathNet.Numerics.dll",
        "lib/net461/MathNet.Numerics.xml",
        "lib/netstandard1.3/MathNet.Numerics.dll",
        "lib/netstandard1.3/MathNet.Numerics.xml",
        "lib/netstandard2.0/MathNet.Numerics.dll",
        "lib/netstandard2.0/MathNet.Numerics.xml",
        "mathnet.numerics.4.5.1.nupkg.sha512",
        "mathnet.numerics.nuspec"
      ]
    },
    "Metrics.NET/0.5.5": {
      "sha512": "XCUMCCYSSvunHpmgnKjyYxMvj61fAPpATArabFvyLytrfw63pc5SDXHcyP5VqZhiymD/gCJxfsgdqRIfqn7btQ==",
      "type": "package",
      "path": "metrics.net/0.5.5",
      "files": [
        "lib/net45/Metrics.XML",
        "lib/net45/Metrics.dll",
        "lib/net45/Metrics.pdb",
        "metrics.net.0.5.5.nupkg.sha512",
        "metrics.net.nuspec"
      ]
    },
    "Microsoft.Exchange.WebServices/2.2.0": {
      "sha512": "NlkaTD0uWtg9VbiWq0VDWMBPzHFknH3tmstrxt0acrT09LBGqATTjRpsGOODz6tUdX7/dehBinxsf75U5Uw/+A==",
      "type": "package",
      "path": "microsoft.exchange.webservices/2.2.0",
      "files": [
        "doc/License Terms.rtf",
        "doc/README.htm",
        "doc/Redist.txt",
        "lib/40/Microsoft.Exchange.WebServices.Auth.dll",
        "lib/40/Microsoft.Exchange.WebServices.Auth.pdb",
        "lib/40/Microsoft.Exchange.WebServices.Auth.xml",
        "lib/40/Microsoft.Exchange.WebServices.dll",
        "lib/40/Microsoft.Exchange.WebServices.pdb",
        "lib/40/Microsoft.Exchange.WebServices.xml",
        "microsoft.exchange.webservices.2.2.0.nupkg.sha512",
        "microsoft.exchange.webservices.nuspec"
      ]
    },
    "Microsoft.Rest.ClientRuntime/2.3.10": {
      "sha512": "a30J6t7LRkYx974tLaRnJc/dYZ1M7uhc5vdgULxdhL7HJNJydG7e+jyAVD15gK+vFR1i9MH+5Ch9t1zhb/Lp1g==",
      "type": "package",
      "path": "microsoft.rest.clientruntime/2.3.10",
      "files": [
        ".signature.p7s",
        "lib/net452/Microsoft.Rest.ClientRuntime.dll",
        "lib/net452/Microsoft.Rest.ClientRuntime.runtimeconfig.json",
        "lib/net452/Microsoft.Rest.ClientRuntime.xml",
        "lib/netstandard1.4/Microsoft.Rest.ClientRuntime.dll",
        "lib/netstandard1.4/Microsoft.Rest.ClientRuntime.runtimeconfig.json",
        "lib/netstandard1.4/Microsoft.Rest.ClientRuntime.xml",
        "microsoft.rest.clientruntime.2.3.10.nupkg.sha512",
        "microsoft.rest.clientruntime.nuspec"
      ]
    },
    "Microsoft.VisualStudio.OLE.Interop/7.10.6071": {
      "sha512": "PuINhJH41DbKfkNU+qcyC4Wlt/z0DgI/ViZv6gjUclylnFbUIpCdqm4fK+PKJDfiarHTKnGWkxjKuOIS1Bqs5Q==",
      "type": "package",
      "path": "microsoft.visualstudio.ole.interop/7.10.6071",
      "files": [
        "lib/Microsoft.VisualStudio.OLE.Interop.dll",
        "lib/Microsoft.VisualStudio.OLE.Interop.xml",
        "microsoft.visualstudio.ole.interop.7.10.6071.nupkg.sha512",
        "microsoft.visualstudio.ole.interop.nuspec"
      ]
    },
    "Newtonsoft.Json/11.0.2": {
      "sha512": "IvJe1pj7JHEsP8B8J8DwlMEx8UInrs/x+9oVY+oCD13jpLu4JbJU2WCIsMRn5C4yW9+DgkaO8uiVE5VHKjpmdQ==",
      "type": "package",
      "path": "newtonsoft.json/11.0.2",
      "files": [
        "LICENSE.md",
        "lib/net20/Newtonsoft.Json.dll",
        "lib/net20/Newtonsoft.Json.xml",
        "lib/net35/Newtonsoft.Json.dll",
        "lib/net35/Newtonsoft.Json.xml",
        "lib/net40/Newtonsoft.Json.dll",
        "lib/net40/Newtonsoft.Json.xml",
        "lib/net45/Newtonsoft.Json.dll",
        "lib/net45/Newtonsoft.Json.xml",
        "lib/netstandard1.0/Newtonsoft.Json.dll",
        "lib/netstandard1.0/Newtonsoft.Json.xml",
        "lib/netstandard1.3/Newtonsoft.Json.dll",
        "lib/netstandard1.3/Newtonsoft.Json.xml",
        "lib/netstandard2.0/Newtonsoft.Json.dll",
        "lib/netstandard2.0/Newtonsoft.Json.xml",
        "lib/portable-net40+sl5+win8+wp8+wpa81/Newtonsoft.Json.dll",
        "lib/portable-net40+sl5+win8+wp8+wpa81/Newtonsoft.Json.xml",
        "lib/portable-net45+win8+wp8+wpa81/Newtonsoft.Json.dll",
        "lib/portable-net45+win8+wp8+wpa81/Newtonsoft.Json.xml",
        "newtonsoft.json.11.0.2.nupkg.sha512",
        "newtonsoft.json.nuspec"
      ]
    },
    "NPOI/2.4.1": {
      "sha512": "85790/CY9z4DCU1KLpcdLSqaqaqmQOenTqXJfcsYK8LIKNAAoTgjT5LYLbORgdwAd63sbaJiCfB1SIn/dAXrJw==",
      "type": "package",
      "path": "npoi/2.4.1",
      "files": [
        "LICENSE",
        "Read Me.txt",
        "lib/NPOI.xml",
        "lib/net40/NPOI.OOXML.dll",
        "lib/net40/NPOI.OpenXml4Net.dll",
        "lib/net40/NPOI.OpenXmlFormats.dll",
        "lib/net40/NPOI.dll",
        "lib/net45/NPOI.OOXML.dll",
        "lib/net45/NPOI.OpenXml4Net.dll",
        "lib/net45/NPOI.OpenXmlFormats.dll",
        "lib/net45/NPOI.dll",
        "lib/netstandard2.0/NPOI.OOXML.deps.json",
        "lib/netstandard2.0/NPOI.OOXML.dll",
        "lib/netstandard2.0/NPOI.OpenXml4Net.deps.json",
        "lib/netstandard2.0/NPOI.OpenXml4Net.dll",
        "lib/netstandard2.0/NPOI.OpenXmlFormats.deps.json",
        "lib/netstandard2.0/NPOI.OpenXmlFormats.dll",
        "lib/netstandard2.0/NPOI.deps.json",
        "lib/netstandard2.0/NPOI.dll",
        "logo/120_120.jpg",
        "logo/240_240.png",
        "logo/32_32.jpg",
        "logo/60_60.jpg",
        "npoi.2.4.1.nupkg.sha512",
        "npoi.nuspec"
      ]
    },
    "Numsense/0.12.0": {
      "sha512": "3FIVDyc7JaLlEx6XchLIqhfdI9/eAGFkf0MZC9/MUyTQewRY6mv7EyYkw+6kZpzMjkZZFcdIplIsXnn5bQgIPw==",
      "type": "package",
      "path": "numsense/0.12.0",
      "files": [
        "lib/net45/Ploeh.Numsense.XML",
        "lib/net45/Ploeh.Numsense.dll",
        "numsense.0.12.0.nupkg.sha512",
        "numsense.nuspec"
      ]
    },
    "RestSharp/106.3.1": {
      "sha512": "TmlN7SXjK52zzpQDTuzw7IH3XQ2Svtss/4zvQBKIgf74QIVxvlxoAqQYu1EhNQ1bMSBIQ4aK120BO7W+v8/kiQ==",
      "type": "package",
      "path": "restsharp/106.3.1",
      "files": [
        "lib/net452/RestSharp.dll",
        "lib/netstandard2.0/RestSharp.dll",
        "restsharp.106.3.1.nupkg.sha512",
        "restsharp.nuspec"
      ]
    },
    "SharpZipLib/1.0.0": {
      "sha512": "YuYztmY3jEb21F6e5LIPHJjApdtzdCPQ284UzsCKNfkgW71bukFHJES6RbKi+wm053XzFg0LX5/2vj/9gl8F/g==",
      "type": "package",
      "path": "sharpziplib/1.0.0",
      "files": [
        "lib/net45/ICSharpCode.SharpZipLib.dll",
        "lib/net45/ICSharpCode.SharpZipLib.xml",
        "lib/netstandard2.0/ICSharpCode.SharpZipLib.dll",
        "lib/netstandard2.0/ICSharpCode.SharpZipLib.xml",
        "sharpziplib.1.0.0.nupkg.sha512",
        "sharpziplib.nuspec"
      ]
    },
    "System.Collections.Immutable/1.5.0": {
      "sha512": "t4YSqgtqL0rIclav1vjD88bd3zeyVcYTq52cewgjtmahnoCDkkC8VSiQMbAgaQVbmxuDY6QxFxuYILhirqppKA==",
      "type": "package",
      "path": "system.collections.immutable/1.5.0",
      "files": [
        ".signature.p7s",
        "LICENSE.TXT",
        "THIRD-PARTY-NOTICES.TXT",
        "lib/netstandard1.0/System.Collections.Immutable.dll",
        "lib/netstandard1.0/System.Collections.Immutable.xml",
        "lib/netstandard1.3/System.Collections.Immutable.dll",
        "lib/netstandard1.3/System.Collections.Immutable.xml",
        "lib/netstandard2.0/System.Collections.Immutable.dll",
        "lib/netstandard2.0/System.Collections.Immutable.xml",
        "lib/portable-net45+win8+wp8+wpa81/System.Collections.Immutable.dll",
        "lib/portable-net45+win8+wp8+wpa81/System.Collections.Immutable.xml",
        "system.collections.immutable.1.5.0.nupkg.sha512",
        "system.collections.immutable.nuspec",
        "useSharedDesignerContext.txt",
        "version.txt"
      ]
    },
    "System.Runtime.InteropServices.RuntimeInformation/4.3.0": {
      "sha512": "cbz4YJMqRDR7oLeMRbdYv7mYzc++17lNhScCX0goO2XpGWdvAt60CGN+FHdePUEHCe/Jy9jUlvNAiNdM+7jsOw==",
      "type": "package",
      "path": "system.runtime.interopservices.runtimeinformation/4.3.0",
      "files": [
        "ThirdPartyNotices.txt",
        "dotnet_library_license.txt",
        "lib/MonoAndroid10/_._",
        "lib/MonoTouch10/_._",
        "lib/net45/System.Runtime.InteropServices.RuntimeInformation.dll",
        "lib/netstandard1.1/System.Runtime.InteropServices.RuntimeInformation.dll",
        "lib/win8/System.Runtime.InteropServices.RuntimeInformation.dll",
        "lib/wpa81/System.Runtime.InteropServices.RuntimeInformation.dll",
        "lib/xamarinios10/_._",
        "lib/xamarinmac20/_._",
        "lib/xamarintvos10/_._",
        "lib/xamarinwatchos10/_._",
        "ref/MonoAndroid10/_._",
        "ref/MonoTouch10/_._",
        "ref/netstandard1.1/System.Runtime.InteropServices.RuntimeInformation.dll",
        "ref/xamarinios10/_._",
        "ref/xamarinmac20/_._",
        "ref/xamarintvos10/_._",
        "ref/xamarinwatchos10/_._",
        "runtimes/aot/lib/netcore50/System.Runtime.InteropServices.RuntimeInformation.dll",
        "runtimes/unix/lib/netstandard1.1/System.Runtime.InteropServices.RuntimeInformation.dll",
        "runtimes/win/lib/net45/System.Runtime.InteropServices.RuntimeInformation.dll",
        "runtimes/win/lib/netcore50/System.Runtime.InteropServices.RuntimeInformation.dll",
        "runtimes/win/lib/netstandard1.1/System.Runtime.InteropServices.RuntimeInformation.dll",
        "system.runtime.interopservices.runtimeinformation.4.3.0.nupkg.sha512",
        "system.runtime.interopservices.runtimeinformation.nuspec"
      ]
    },
    "System.ValueTuple/4.5.0": {
      "sha512": "b4TIdjLi5RepihnaO93cfjAgi69fx1ViGvNHYhy9k77LKms2BowENhdpZn9bL9s/dp0tOhv31olkSaQSoHgxTA==",
      "type": "package",
      "path": "system.valuetuple/4.5.0",
      "files": [
        ".signature.p7s",
        "LICENSE.TXT",
        "THIRD-PARTY-NOTICES.TXT",
        "lib/MonoAndroid10/_._",
        "lib/MonoTouch10/_._",
        "lib/net461/System.ValueTuple.dll",
        "lib/net461/System.ValueTuple.xml",
        "lib/net47/System.ValueTuple.dll",
        "lib/net47/System.ValueTuple.xml",
        "lib/netcoreapp2.0/_._",
        "lib/netstandard1.0/System.ValueTuple.dll",
        "lib/netstandard1.0/System.ValueTuple.xml",
        "lib/netstandard2.0/_._",
        "lib/portable-net40+sl4+win8+wp8/System.ValueTuple.dll",
        "lib/portable-net40+sl4+win8+wp8/System.ValueTuple.xml",
        "lib/uap10.0.16299/_._",
        "lib/xamarinios10/_._",
        "lib/xamarinmac20/_._",
        "lib/xamarintvos10/_._",
        "lib/xamarinwatchos10/_._",
        "ref/MonoAndroid10/_._",
        "ref/MonoTouch10/_._",
        "ref/net461/System.ValueTuple.dll",
        "ref/net47/System.ValueTuple.dll",
        "ref/netcoreapp2.0/_._",
        "ref/netstandard2.0/_._",
        "ref/portable-net40+sl4+win8+wp8/System.ValueTuple.dll",
        "ref/uap10.0.16299/_._",
        "ref/xamarinios10/_._",
        "ref/xamarinmac20/_._",
        "ref/xamarintvos10/_._",
        "ref/xamarinwatchos10/_._",
        "system.valuetuple.4.5.0.nupkg.sha512",
        "system.valuetuple.nuspec",
        "useSharedDesignerContext.txt",
        "version.txt"
      ]
    },
    "UiPath/10.0.7004.31775": {
      "sha512": "EHSU3kVGPFpsSKDTa6nkw+CTDmRM5X/jlRboFRksoOB3xNI1if2bvI/JtV1XV74hq9oe0i0XhOgn9iGs7C7PUA==",
      "type": "package",
      "path": "uipath/10.0.7004.31775",
      "files": [
        "build/UiPath.targets",
        "build/UiPath/BrowserNativeMessagingImpl.dll",
        "build/UiPath/FuncServer_x64.exe",
        "build/UiPath/FuncServer_x86.exe",
        "build/UiPath/JavaSupport/UiPathBridge.jar",
        "build/UiPath/JavaSupport/UiPathJBIntruder.jar",
        "build/UiPath/JavaSupport/UiPathV8.jar",
        "build/UiPath/JavaSupport/attach_x64/6/attach.dll",
        "build/UiPath/JavaSupport/attach_x64/7/attach.dll",
        "build/UiPath/JavaSupport/attach_x86/6/attach.dll",
        "build/UiPath/JavaSupport/attach_x86/7/attach.dll",
        "build/UiPath/JavaSupport/jaccess-1_2.jar",
        "build/UiPath/JavaSupport/jaccess-1_3.jar",
        "build/UiPath/JavaSupport/jaccess-1_4.jar",
        "build/UiPath/JavaSupport/jaccess.jar",
        "build/UiPath/JavaSupport/tools.jar",
        "build/UiPath/JavaSupport/xml-apis.jar",
        "build/UiPath/Resources/x32.manifest",
        "build/UiPath/Resources/x64.manifest",
        "build/UiPath/SLBroker.dll",
        "build/UiPath/SLBroker.xap",
        "build/UiPath/SLHook.dll",
        "build/UiPath/ShaferFilechck.dll",
        "build/UiPath/TCapture.dll",
        "build/UiPath/TCapture_x64.dll",
        "build/UiPath/UiPath.dll",
        "build/UiPath/UiPathJavaBridgeImplV8.dll",
        "build/UiPath/UiPathJavaBridgeImplV8_x64.dll",
        "build/UiPath/UiPathJavaBridgeV8.dll",
        "build/UiPath/UiPathJavaBridgeV8_x64.dll",
        "build/UiPath/UiPathRemoteRuntime.exe",
        "build/UiPath/UiPathSLB.dll",
        "build/UiPath/UiPathSLB_x64.dll",
        "build/UiPath/UiPathVirtualChannelCitrix.dll",
        "build/UiPath/UiPathVirtualChannelRdp.dll",
        "build/UiPath/UiPath_x64.dll",
        "build/UiPath/aahook.dll",
        "build/UiPath/aahook_x64.dll",
        "build/UiPath/license.config",
        "build/UiPath/msvcr100.dll",
        "build/UiPath/slinject.exe",
        "build/UiPath/x64/ShaferFilechck_x64.DLL",
        "build/UiPath/x64/msvcr100.dll",
        "lib/UiPath.Interop.dll",
        "uipath.10.0.7004.31775.nupkg.sha512",
        "uipath.nuspec"
      ]
    },
    "UiPath.CefSharpBundle/1.0.0": {
      "sha512": "TN8AUtmqFr4XOytnmtHFAOKazOr1gaGa1DeM3QSL9MFk9UWBYUBEV8NzSl2kc/zY1ZpA2o1fOPQbD6PxVzshgA==",
      "type": "package",
      "path": "uipath.cefsharpbundle/1.0.0",
      "files": [
        "build/UiPath.CefSharpBundle.targets",
        "lib/net452/CefSharp.BrowserSubprocess.Core.dll",
        "lib/net452/CefSharp.BrowserSubprocess.exe",
        "lib/net452/CefSharp.Core.dll",
        "lib/net452/CefSharp.Core.xml",
        "lib/net452/CefSharp.Wpf.XML",
        "lib/net452/CefSharp.Wpf.dll",
        "lib/net452/CefSharp.XML",
        "lib/net452/CefSharp.dll",
        "lib/net452/UiPath.CEFSharpBundle.dll",
        "lib/net452/cef.pak",
        "lib/net452/cef_100_percent.pak",
        "lib/net452/cef_200_percent.pak",
        "lib/net452/cef_extensions.pak",
        "lib/net452/chrome_elf.dll",
        "lib/net452/d3dcompiler_47.dll",
        "lib/net452/icudtl.dat",
        "lib/net452/libEGL.dll",
        "lib/net452/libGLESv2.dll",
        "lib/net452/libcef.dll",
        "lib/net452/locales/am.pak",
        "lib/net452/locales/ar.pak",
        "lib/net452/locales/bg.pak",
        "lib/net452/locales/bn.pak",
        "lib/net452/locales/ca.pak",
        "lib/net452/locales/cs.pak",
        "lib/net452/locales/da.pak",
        "lib/net452/locales/de.pak",
        "lib/net452/locales/el.pak",
        "lib/net452/locales/en-GB.pak",
        "lib/net452/locales/en-US.pak",
        "lib/net452/locales/es-419.pak",
        "lib/net452/locales/es.pak",
        "lib/net452/locales/et.pak",
        "lib/net452/locales/fa.pak",
        "lib/net452/locales/fi.pak",
        "lib/net452/locales/fil.pak",
        "lib/net452/locales/fr.pak",
        "lib/net452/locales/gu.pak",
        "lib/net452/locales/he.pak",
        "lib/net452/locales/hi.pak",
        "lib/net452/locales/hr.pak",
        "lib/net452/locales/hu.pak",
        "lib/net452/locales/id.pak",
        "lib/net452/locales/it.pak",
        "lib/net452/locales/ja.pak",
        "lib/net452/locales/kn.pak",
        "lib/net452/locales/ko.pak",
        "lib/net452/locales/lt.pak",
        "lib/net452/locales/lv.pak",
        "lib/net452/locales/ml.pak",
        "lib/net452/locales/mr.pak",
        "lib/net452/locales/ms.pak",
        "lib/net452/locales/nb.pak",
        "lib/net452/locales/nl.pak",
        "lib/net452/locales/pl.pak",
        "lib/net452/locales/pt-BR.pak",
        "lib/net452/locales/pt-PT.pak",
        "lib/net452/locales/ro.pak",
        "lib/net452/locales/ru.pak",
        "lib/net452/locales/sk.pak",
        "lib/net452/locales/sl.pak",
        "lib/net452/locales/sr.pak",
        "lib/net452/locales/sv.pak",
        "lib/net452/locales/sw.pak",
        "lib/net452/locales/ta.pak",
        "lib/net452/locales/te.pak",
        "lib/net452/locales/th.pak",
        "lib/net452/locales/tr.pak",
        "lib/net452/locales/uk.pak",
        "lib/net452/locales/vi.pak",
        "lib/net452/locales/zh-CN.pak",
        "lib/net452/locales/zh-TW.pak",
        "lib/net452/msvcp140.dll",
        "lib/net452/natives_blob.bin",
        "lib/net452/snapshot_blob.bin",
        "lib/net452/swiftshader/libEGL.dll",
        "lib/net452/swiftshader/libGLESv2.dll",
        "lib/net452/v8_context_snapshot.bin",
        "lib/net452/vcruntime140.dll",
        "license.txt",
        "uipath.cefsharpbundle.1.0.0.nupkg.sha512",
        "uipath.cefsharpbundle.nuspec"
      ]
    },
    "UiPath.Cognitive.Activities/2.2.0": {
      "sha512": "pBQ+IsZ4Gflt18knNoxzhRiDAlyF/9uYb1EqnKRZ8ehh7x5uAh6LeseF2D6GHLqoL5DMaTsURqqoegULrTfH1g==",
      "type": "package",
      "path": "uipath.cognitive.activities/2.2.0",
      "files": [
        "lib/net452/UiPath.Cognitive.Activities.Design.dll",
        "lib/net452/UiPath.Cognitive.Activities.dll",
        "lib/net452/UiPath.Cognitive.dll",
        "lib/net452/fr/UiPath.Cognitive.Activities.Design.resources.dll",
        "lib/net452/fr/UiPath.Cognitive.Activities.resources.dll",
        "lib/net452/fr/UiPath.Cognitive.resources.dll",
        "lib/net452/ja/UiPath.Cognitive.Activities.Design.resources.dll",
        "lib/net452/ja/UiPath.Cognitive.Activities.resources.dll",
        "lib/net452/ja/UiPath.Cognitive.resources.dll",
        "lib/net452/ru/UiPath.Cognitive.Activities.Design.resources.dll",
        "lib/net452/ru/UiPath.Cognitive.Activities.resources.dll",
        "lib/net452/ru/UiPath.Cognitive.resources.dll",
        "uipath.cognitive.activities.2.2.0.nupkg.sha512",
        "uipath.cognitive.activities.nuspec"
      ]
    },
    "UiPath.Credentials.Activities/1.1.6479.13204": {
      "sha512": "2C7e17Lk1G6QenZQwA5q0DETGdAb9K34p6SqPcAOdHHyr+BtYSWLWhXn+zNlMF8ZCr51pHCiBPNp33nok2B3Qw==",
      "type": "package",
      "path": "uipath.credentials.activities/1.1.6479.13204",
      "files": [
        "lib/net40-client/UiPath.Credentials.Activities.dll",
        "uipath.credentials.activities.1.1.6479.13204.nupkg.sha512",
        "uipath.credentials.activities.nuspec"
      ]
    },
    "UiPath.Excel.Activities/2.5.2": {
      "sha512": "CNXcB2+kpNp9z2CUTZKZjNtvO1nqloVmyKRrHUgObqXHSm1syr7wDeVYvYajtOOw5P2vlo0i8Ro85SJRs79fRg==",
      "type": "package",
      "path": "uipath.excel.activities/2.5.2",
      "files": [
        "lib/net452/UiPath.Excel.Activities.Design.dll",
        "lib/net452/UiPath.Excel.Activities.dll",
        "lib/net452/UiPath.Excel.dll",
        "lib/net452/fr/UiPath.Excel.Activities.Design.resources.dll",
        "lib/net452/fr/UiPath.Excel.Activities.resources.dll",
        "lib/net452/fr/UiPath.Excel.resources.dll",
        "lib/net452/ja/UiPath.Excel.Activities.Design.resources.dll",
        "lib/net452/ja/UiPath.Excel.Activities.resources.dll",
        "lib/net452/ja/UiPath.Excel.resources.dll",
        "lib/net452/ru/UiPath.Excel.Activities.Design.resources.dll",
        "lib/net452/ru/UiPath.Excel.Activities.resources.dll",
        "lib/net452/ru/UiPath.Excel.resources.dll",
        "uipath.excel.activities.2.5.2.nupkg.sha512",
        "uipath.excel.activities.nuspec"
      ]
    },
    "UiPath.IntelligentOCR.Activities/1.6.1": {
      "sha512": "iT3L4kYPcRJIjEjb/URB1J49PAiViwZRioAoCpQZGlBkNeHhyJ2OFsq/ntRTVC/Jj2twudNqlRsiDBv6y8769g==",
      "type": "package",
      "path": "uipath.intelligentocr.activities/1.6.1",
      "files": [
        "content/Dependencies/NTextCat/languages.profile.xml",
        "content/Dependencies/SupportedLanguages.json",
        "content/Dependencies/Word List/words_alpha.txt",
        "content/UiPathLogo.ico",
        "lib/net461/Dependencies/NTextCat/languages.profile.xml",
        "lib/net461/Dependencies/SupportedLanguages.json",
        "lib/net461/Dependencies/Word List/words_alpha.txt",
        "lib/net461/FCEngine.VisualComponents.dll",
        "lib/net461/Interop.FCEngine.dll",
        "lib/net461/UiPath.IntelligentOCR.Activities.Design.dll",
        "lib/net461/UiPath.IntelligentOCR.Activities.dll",
        "lib/net461/UiPath.IntelligentOCR.dll",
        "lib/net461/UiPath.SmartData.Data.dll",
        "lib/net461/UiPath.SmartData.DataContracts.dll",
        "lib/net461/UiPath.SmartData.Digitization.dll",
        "lib/net461/UiPath.SmartData.DocumentClassification.dll",
        "lib/net461/UiPath.SmartData.FixedForms.dll",
        "lib/net461/UiPath.SmartData.Host.Local.Infrastructure.dll",
        "lib/net461/UiPath.SmartData.ImageProcessing.dll",
        "lib/net461/UiPath.SmartData.Language.dll",
        "lib/net461/UiPath.SmartData.Localization.dll",
        "lib/net461/UiPath.SmartData.OCR.dll",
        "lib/net461/UiPath.SmartData.OutOfProcessUi.Common.dll",
        "lib/net461/UiPath.SmartData.OutOfProcessUi.Host.WCF.exe",
        "lib/net461/UiPath.SmartData.PDF.dll",
        "lib/net461/UiPath.SmartData.TableProcessing.dll",
        "lib/net461/UiPath.SmartData.TaxonomyManager.Host.Local.dll",
        "lib/net461/UiPath.SmartData.TaxonomyManager.Storage.dll",
        "lib/net461/UiPath.SmartData.TaxonomyManager.dll",
        "lib/net461/UiPath.SmartData.Utils.dll",
        "lib/net461/UiPath.SmartData.ValidationStation.Host.Local.dll",
        "lib/net461/UiPath.SmartData.ValidationStation.PDF.Optimization.dll",
        "lib/net461/UiPath.SmartData.ValidationStation.Storage.dll",
        "lib/net461/UiPath.SmartData.ValidationStation.ValueParsing.dll",
        "lib/net461/UiPath.SmartData.ValidationStation.dll",
        "lib/net461/extractioncms/css/default-main-5af2e613.dd0da4cfd81b4cac2061.chunk.css",
        "lib/net461/extractioncms/css/vendor-7274e1de.4b4681e85532fbd447a8.chunk.css",
        "lib/net461/extractioncms/css/vendor-7d359b94.55fa8379dd92f4d0526a.chunk.css",
        "lib/net461/extractioncms/css/vendor-f9ca8911.834e959e99da586938a9.chunk.css",
        "lib/net461/extractioncms/fonts/3c1e04901e63bef6c26cbe06c067ca2c.eot",
        "lib/net461/extractioncms/fonts/43d5c718339efeb1177aff722d72669d.woff2",
        "lib/net461/extractioncms/fonts/448c34a56d699c29117adc64c43affeb.woff2",
        "lib/net461/extractioncms/fonts/89889688147bd7575d6327160d64e760.svg",
        "lib/net461/extractioncms/fonts/91433571f154776a1d46c2a287de05d7.svg",
        "lib/net461/extractioncms/fonts/a21b9e1aad96623ef91bca7ecea7b169.woff",
        "lib/net461/extractioncms/fonts/b2e0fc821c6886fb3940f85a3320003e.ttf",
        "lib/net461/extractioncms/fonts/e18bbf611f2a2e43afc071aa2f4e1512.ttf",
        "lib/net461/extractioncms/fonts/f4769f9bdb7466be65088239c12046d1.eot",
        "lib/net461/extractioncms/fonts/fa2772327f55d8198301fdb8bcfc8158.woff",
        "lib/net461/extractioncms/images/rect_red.png",
        "lib/net461/extractioncms/images/spinner.gif",
        "lib/net461/extractioncms/index.html",
        "lib/net461/extractioncms/js/default-main-5af2e613.dd0da4cfd81b4cac2061.chunk.js",
        "lib/net461/extractioncms/js/main.a1ed7a9221644fb69897.bundle.js",
        "lib/net461/extractioncms/js/pdf.worker.js",
        "lib/net461/extractioncms/js/vendor-1ebd4f7f.b02199ea793ff65d931b.chunk.js",
        "lib/net461/extractioncms/js/vendor-2a42e354.365e6844b99d3c1856fc.chunk.js",
        "lib/net461/extractioncms/js/vendor-7274e1de.4b4681e85532fbd447a8.chunk.js",
        "lib/net461/extractioncms/js/vendor-7d359b94.55fa8379dd92f4d0526a.chunk.js",
        "lib/net461/extractioncms/js/vendor-f9ca8911.834e959e99da586938a9.chunk.js",
        "lib/net461/fr/UiPath.IntelligentOCR.Activities.Design.resources.dll",
        "lib/net461/fr/UiPath.IntelligentOCR.Activities.resources.dll",
        "lib/net461/fr/UiPath.IntelligentOCR.resources.dll",
        "lib/net461/fr/UiPath.SmartData.Host.Local.Infrastructure.resources.dll",
        "lib/net461/fr/UiPath.SmartData.TaxonomyManager.Host.Local.resources.dll",
        "lib/net461/fr/UiPath.SmartData.TaxonomyManager.resources.dll",
        "lib/net461/fr/UiPath.SmartData.ValidationStation.Host.Local.resources.dll",
        "lib/net461/fr/UiPath.SmartData.ValidationStation.resources.dll",
        "lib/net461/ja/UiPath.IntelligentOCR.Activities.Design.resources.dll",
        "lib/net461/ja/UiPath.IntelligentOCR.Activities.resources.dll",
        "lib/net461/ja/UiPath.IntelligentOCR.resources.dll",
        "lib/net461/ja/UiPath.SmartData.Host.Local.Infrastructure.resources.dll",
        "lib/net461/ja/UiPath.SmartData.TaxonomyManager.Host.Local.resources.dll",
        "lib/net461/ja/UiPath.SmartData.TaxonomyManager.resources.dll",
        "lib/net461/ja/UiPath.SmartData.ValidationStation.Host.Local.resources.dll",
        "lib/net461/ja/UiPath.SmartData.ValidationStation.resources.dll",
        "lib/net461/ru/UiPath.IntelligentOCR.Activities.Design.resources.dll",
        "lib/net461/ru/UiPath.IntelligentOCR.Activities.resources.dll",
        "lib/net461/ru/UiPath.IntelligentOCR.resources.dll",
        "lib/net461/ru/UiPath.SmartData.Host.Local.Infrastructure.resources.dll",
        "lib/net461/ru/UiPath.SmartData.TaxonomyManager.Host.Local.resources.dll",
        "lib/net461/ru/UiPath.SmartData.TaxonomyManager.resources.dll",
        "lib/net461/ru/UiPath.SmartData.ValidationStation.Host.Local.resources.dll",
        "lib/net461/ru/UiPath.SmartData.ValidationStation.resources.dll",
        "lib/net461/taxonomy-manager/css/main-5af2e613.6b714e3a906323766a8d.bundle.css",
        "lib/net461/taxonomy-manager/css/vendor-7274e1de.00ede710c5863183c1ff.chunk.css",
        "lib/net461/taxonomy-manager/fonts/1addd2d2cc7b9ed9e089a647e2f4226c.eot",
        "lib/net461/taxonomy-manager/fonts/448c34a56d699c29117adc64c43affeb.woff2",
        "lib/net461/taxonomy-manager/fonts/48f5708199e5cf63dee298c92e613878.woff",
        "lib/net461/taxonomy-manager/fonts/89889688147bd7575d6327160d64e760.svg",
        "lib/net461/taxonomy-manager/fonts/96f1c901c087fb64019f7665f7f8aca6.woff2",
        "lib/net461/taxonomy-manager/fonts/e18bbf611f2a2e43afc071aa2f4e1512.ttf",
        "lib/net461/taxonomy-manager/fonts/e57c1fc616662cd04f4f32be7735570c.ttf",
        "lib/net461/taxonomy-manager/fonts/e6b0e1c4dfc4e8519778c284a99981ff.svg",
        "lib/net461/taxonomy-manager/fonts/f4769f9bdb7466be65088239c12046d1.eot",
        "lib/net461/taxonomy-manager/fonts/fa2772327f55d8198301fdb8bcfc8158.woff",
        "lib/net461/taxonomy-manager/index.html",
        "lib/net461/taxonomy-manager/js/main-5af2e613.45fd8915af79745cddf7.bundle.js",
        "lib/net461/taxonomy-manager/js/vendor-37127547.ced572d27c2e8dda9a42.chunk.js",
        "lib/net461/taxonomy-manager/js/vendor-7274e1de.00ede710c5863183c1ff.chunk.js",
        "uipath.intelligentocr.activities.1.6.1.nupkg.sha512",
        "uipath.intelligentocr.activities.nuspec"
      ]
    },
    "UiPath.Mail.Activities/1.3.0": {
      "sha512": "WOCrTHJWhn8MncsdC0K+fbjr9ezI0CynqNCY3MQyjbdTJHlmKvG69kC1/XgdHry0r9hknq2dhB4esgyC5jzmsw==",
      "type": "package",
      "path": "uipath.mail.activities/1.3.0",
      "files": [
        "lib/net452/MailKit.dll",
        "lib/net452/MailKit.xml",
        "lib/net452/MimeKit.dll",
        "lib/net452/MimeKit.xml",
        "lib/net452/UiPath.Mail.Activities.Design.dll",
        "lib/net452/UiPath.Mail.Activities.dll",
        "lib/net452/UiPath.Mail.dll",
        "lib/net452/fr/UiPath.Mail.Activities.Design.resources.dll",
        "lib/net452/fr/UiPath.Mail.Activities.resources.dll",
        "lib/net452/fr/UiPath.Mail.resources.dll",
        "lib/net452/ja/UiPath.Mail.Activities.Design.resources.dll",
        "lib/net452/ja/UiPath.Mail.Activities.resources.dll",
        "lib/net452/ja/UiPath.Mail.resources.dll",
        "lib/net452/ru/UiPath.Mail.Activities.Design.resources.dll",
        "lib/net452/ru/UiPath.Mail.Activities.resources.dll",
        "lib/net452/ru/UiPath.Mail.resources.dll",
        "uipath.mail.activities.1.3.0.nupkg.sha512",
        "uipath.mail.activities.nuspec"
      ]
    },
    "UiPath.PDF.Activities/1.3.1": {
      "sha512": "wn8D/aU0p78Ku6hRhJ3JYtB/r+FrXOeQCNm0zen11f4besSVRpQm8NGew79cACOnmgBXHluCeKU3H9E5Q+/0gg==",
      "type": "package",
      "path": "uipath.pdf.activities/1.3.1",
      "files": [
        "lib/net452/UiPath.PDF.Activities.Design.dll",
        "lib/net452/UiPath.PDF.Activities.dll",
        "lib/net452/UiPath.PDF.dll",
        "lib/net452/fr/UiPath.PDF.Activities.Design.resources.dll",
        "lib/net452/fr/UiPath.PDF.Activities.resources.dll",
        "lib/net452/fr/UiPath.PDF.resources.dll",
        "lib/net452/ja/UiPath.PDF.Activities.Design.resources.dll",
        "lib/net452/ja/UiPath.PDF.Activities.resources.dll",
        "lib/net452/ja/UiPath.PDF.resources.dll",
        "lib/net452/ru/UiPath.PDF.Activities.Design.resources.dll",
        "lib/net452/ru/UiPath.PDF.Activities.resources.dll",
        "lib/net452/ru/UiPath.PDF.resources.dll",
        "lib/net452/x86/pdfium.dll",
        "uipath.pdf.activities.1.3.1.nupkg.sha512",
        "uipath.pdf.activities.nuspec"
      ]
    },
    "UiPath.System.Activities/19.3.0": {
      "sha512": "8IuKZF1yAzkAZl4SGdOJe8NSRzknF6A3lgRcJVBfqGIA7Kq/xdn/yjbVyvlUg52MND3X4k7ZgGDPZdw1h9zDpw==",
      "type": "package",
      "path": "uipath.system.activities/19.3.0",
      "files": [
        "lib/net461/ActiproSoftware.Docking.Wpf.dll",
        "lib/net461/ActiproSoftware.Ribbon.Wpf.dll",
        "lib/net461/ActiproSoftware.Shared.Wpf.dll",
        "lib/net461/ActiproSoftware.SyntaxEditor.Addons.DotNet.Wpf.dll",
        "lib/net461/ActiproSoftware.SyntaxEditor.Wpf.dll",
        "lib/net461/ActiproSoftware.Text.Addons.DotNet.Wpf.dll",
        "lib/net461/ActiproSoftware.Text.LLParser.Wpf.dll",
        "lib/net461/ActiproSoftware.Text.Wpf.dll",
        "lib/net461/ActiproSoftware.Wizard.Wpf.dll",
        "lib/net461/CustomInputForm.exe",
        "lib/net461/UiPath.OrchestratorClient.dll",
        "lib/net461/UiPath.System.Activities.Design.dll",
        "lib/net461/UiPath.System.Activities.dll",
        "lib/net461/fr/UiPath.System.Activities.Design.resources.dll",
        "lib/net461/fr/UiPath.System.Activities.resources.dll",
        "lib/net461/ja/UiPath.System.Activities.Design.resources.dll",
        "lib/net461/ja/UiPath.System.Activities.resources.dll",
        "lib/net461/ru/UiPath.System.Activities.Design.resources.dll",
        "lib/net461/ru/UiPath.System.Activities.resources.dll",
        "uipath.system.activities.19.3.0.nupkg.sha512",
        "uipath.system.activities.nuspec"
      ]
    },
    "UiPath.UIAutomation.Activities/19.3.0": {
      "sha512": "qoeAv+tKcIBUmeAjepGFnhm3QqAfpxTubfLqtu2Byu5q4XiGFqc5B+r18vaRjIu72e2zItHtcwOGWexLItz7pw==",
      "type": "package",
      "path": "uipath.uiautomation.activities/19.3.0",
      "files": [
        "AllDependencies.json",
        "build/ActiproSoftware.Docking.Wpf.dll",
        "build/ActiproSoftware.Editors.Wpf.dll",
        "build/ActiproSoftware.Ribbon.Wpf.dll",
        "build/ActiproSoftware.Shared.Wpf.dll",
        "build/ActiproSoftware.SyntaxEditor.Addons.DotNet.Wpf.dll",
        "build/ActiproSoftware.SyntaxEditor.Wpf.dll",
        "build/ActiproSoftware.Text.Addons.DotNet.Wpf.dll",
        "build/ActiproSoftware.Text.LLParser.Wpf.dll",
        "build/ActiproSoftware.Text.Wpf.dll",
        "build/ActiproSoftware.Wizard.Wpf.dll",
        "build/ICSharpCode.AvalonEdit.dll",
        "build/UiExplorer.exe",
        "build/UiExplorer.exe.config",
        "build/UiPath.Activities.Contracts.dll",
        "build/UiPath.UiAutomation.Activities.dll",
        "build/fr/UiExplorer.resources.dll",
        "build/fr/UiPath.UiAutomation.Activities.resources.dll",
        "build/ja/UiExplorer.resources.dll",
        "build/ja/UiPath.UiAutomation.Activities.resources.dll",
        "build/ru/UiExplorer.resources.dll",
        "build/ru/UiPath.UiAutomation.Activities.resources.dll",
        "lib/net461/ActiproSoftware.Docking.Wpf.dll",
        "lib/net461/ActiproSoftware.Editors.Wpf.dll",
        "lib/net461/ActiproSoftware.Ribbon.Wpf.dll",
        "lib/net461/ActiproSoftware.Shared.Wpf.dll",
        "lib/net461/ActiproSoftware.SyntaxEditor.Addons.DotNet.Wpf.dll",
        "lib/net461/ActiproSoftware.SyntaxEditor.Wpf.dll",
        "lib/net461/ActiproSoftware.Text.Addons.DotNet.Wpf.dll",
        "lib/net461/ActiproSoftware.Text.LLParser.Wpf.dll",
        "lib/net461/ActiproSoftware.Text.Wpf.dll",
        "lib/net461/ActiproSoftware.Wizard.Wpf.dll",
        "lib/net461/UiPath.UIAutomation.Activities.Design.dll",
        "lib/net461/UiPath.UiAutomation.Activities.dll",
        "lib/net461/UiPath.Wizards.dll",
        "lib/net461/fr/UiPath.UIAutomation.Activities.Design.resources.dll",
        "lib/net461/fr/UiPath.UiAutomation.Activities.resources.dll",
        "lib/net461/fr/UiPath.Wizards.resources.dll",
        "lib/net461/ja/UiPath.UIAutomation.Activities.Design.resources.dll",
        "lib/net461/ja/UiPath.UiAutomation.Activities.resources.dll",
        "lib/net461/ja/UiPath.Wizards.resources.dll",
        "lib/net461/ru/UiPath.UIAutomation.Activities.Design.resources.dll",
        "lib/net461/ru/UiPath.UiAutomation.Activities.resources.dll",
        "lib/net461/ru/UiPath.Wizards.resources.dll",
        "nuget.cache",
        "uipath.uiautomation.activities.19.3.0.nupkg.sha512",
        "uipath.uiautomation.activities.nuspec"
      ]
    },
    "UiPath.Vision/1.4.0": {
      "sha512": "GKT3w+HYH8eo6IMitVq/qCCLVCNjH1CI3siZtM7JAfaToXqCyLnihATR07Y87eCszzs2eFbqO0H0XpgobBKCZw==",
      "type": "package",
      "path": "uipath.vision/1.4.0",
      "files": [
        "build/AForge.Imaging.dll",
        "build/AForge.Math.dll",
        "build/AForge.dll",
        "build/AbbyyOnlineSdk.dll",
        "build/BouncyCastle.Crypto.dll",
        "build/Emgu.CV.World.dll",
        "build/Exceptionless.dll",
        "build/Google.Api.CommonProtos.dll",
        "build/Google.Api.Gax.Grpc.dll",
        "build/Google.Api.Gax.dll",
        "build/Google.Apis.Auth.PlatformServices.dll",
        "build/Google.Apis.Auth.dll",
        "build/Google.Apis.Core.dll",
        "build/Google.Apis.PlatformServices.dll",
        "build/Google.Apis.dll",
        "build/Google.Cloud.Vision.V1.dll",
        "build/Google.LongRunning.dll",
        "build/Google.Protobuf.dll",
        "build/Grpc.Auth.dll",
        "build/Grpc.Core.dll",
        "build/Microsoft.Azure.CognitiveServices.Vision.ComputerVision.dll",
        "build/Microsoft.ProjectOxford.Vision.dll",
        "build/Microsoft.Rest.ClientRuntime.Azure.dll",
        "build/Microsoft.Rest.ClientRuntime.dll",
        "build/NLog.dll",
        "build/Newtonsoft.Json.dll",
        "build/System.Collections.Immutable.dll",
        "build/System.Interactive.Async.dll",
        "build/System.ValueTuple.dll",
        "build/UiPath.Vision.AbbyyCloud.dll",
        "build/UiPath.Vision.AbbyyFRE11.dll",
        "build/UiPath.Vision.AbbyyFRE12.dll",
        "build/UiPath.Vision.AbbyyFRECommon.dll",
        "build/UiPath.Vision.AzureComputerVision.dll",
        "build/UiPath.Vision.Core.dll",
        "build/UiPath.Vision.GoogleCloud.dll",
        "build/UiPath.Vision.Host32.exe",
        "build/UiPath.Vision.Host32.exe.config",
        "build/UiPath.Vision.Microsoft.dll",
        "build/UiPath.Vision.MicrosoftCloud.dll",
        "build/UiPath.Vision.Tesseract.dll",
        "build/UiPath.Vision.dll",
        "build/ZedGraph.dll",
        "build/Zlib.Portable.dll",
        "build/grpc_csharp_ext.x64.dll",
        "build/grpc_csharp_ext.x86.dll",
        "build/log4net.dll",
        "build/nlog.config",
        "build/tessdata/eng.traineddata",
        "build/x86/concrt140.dll",
        "build/x86/cvextern.dll",
        "build/x86/msvcp140.dll",
        "build/x86/opencv_ffmpeg341.dll",
        "build/x86/tbb.dll",
        "build/x86/vcruntime140.dll",
        "lib/net452/UiPath.Vision.AbbyyCloud.dll",
        "lib/net452/UiPath.Vision.AbbyyFRE11.dll",
        "lib/net452/UiPath.Vision.AbbyyFRE12.dll",
        "lib/net452/UiPath.Vision.AbbyyFRECommon.dll",
        "lib/net452/UiPath.Vision.AzureComputerVision.dll",
        "lib/net452/UiPath.Vision.Core.dll",
        "lib/net452/UiPath.Vision.GoogleCloud.dll",
        "lib/net452/UiPath.Vision.Host32.exe",
        "lib/net452/UiPath.Vision.Microsoft.dll",
        "lib/net452/UiPath.Vision.MicrosoftCloud.dll",
        "lib/net452/UiPath.Vision.Tesseract.dll",
        "lib/net452/UiPath.Vision.dll",
        "uipath.vision.1.4.0.nupkg.sha512",
        "uipath.vision.nuspec"
      ]
    },
    "UiPath.WebAPI.Activities/1.4.0": {
      "sha512": "CZMin8MY2+VMKF8Il0EmsVqIpyTKFIP8Wb0Bq/g4x293Qx2+Y5gObZdC3ML4gS7oiD646xUL1U55Y6NIx9dsyA==",
      "type": "package",
      "path": "uipath.webapi.activities/1.4.0",
      "files": [
        "lib/net452/UiPath.Web.Activities.Design.dll",
        "lib/net452/UiPath.Web.Activities.dll",
        "lib/net452/UiPath.Web.dll",
        "lib/net452/fr/UiPath.Web.Activities.Design.resources.dll",
        "lib/net452/fr/UiPath.Web.Activities.resources.dll",
        "lib/net452/fr/UiPath.Web.resources.dll",
        "lib/net452/ja/UiPath.Web.Activities.Design.resources.dll",
        "lib/net452/ja/UiPath.Web.Activities.resources.dll",
        "lib/net452/ja/UiPath.Web.resources.dll",
        "lib/net452/ru/UiPath.Web.Activities.Design.resources.dll",
        "lib/net452/ru/UiPath.Web.Activities.resources.dll",
        "lib/net452/ru/UiPath.Web.resources.dll",
        "uipath.webapi.activities.1.4.0.nupkg.sha512",
        "uipath.webapi.activities.nuspec"
      ]
    },
    "UiPath.Word.Activities/1.3.0": {
      "sha512": "I8VTTWot6/qFrc5EfxqcS2+x4r9N+Bf54eSB6jRUhsrhvEoOJwOzm//Z9p6xbhuVxB0MbQXpH+hm4hmi0DcEuQ==",
      "type": "package",
      "path": "uipath.word.activities/1.3.0",
      "files": [
        "lib/net452/UiPath.Word.Activities.Design.dll",
        "lib/net452/UiPath.Word.Activities.dll",
        "lib/net452/UiPath.Word.dll",
        "lib/net452/fr/UiPath.Word.Activities.Design.resources.dll",
        "lib/net452/fr/UiPath.Word.Activities.resources.dll",
        "lib/net452/fr/UiPath.Word.resources.dll",
        "lib/net452/ja/UiPath.Word.Activities.Design.resources.dll",
        "lib/net452/ja/UiPath.Word.Activities.resources.dll",
        "lib/net452/ja/UiPath.Word.resources.dll",
        "lib/net452/ru/UiPath.Word.Activities.Design.resources.dll",
        "lib/net452/ru/UiPath.Word.Activities.resources.dll",
        "lib/net452/ru/UiPath.Word.resources.dll",
        "uipath.word.activities.1.3.0.nupkg.sha512",
        "uipath.word.activities.nuspec"
      ]
    }
  },
  "projectFileDependencyGroups": {
    "": [],
    ".NETFramework,Version=v4.6.1": [
      "UiPath.Cognitive.Activities >= 2.2.0 <= 2.2.0",
      "UiPath.Credentials.Activities >= 1.1.6479.13204 <= 1.1.6479.13204",
      "UiPath.Excel.Activities >= 2.5.2 <= 2.5.2",
      "UiPath.IntelligentOCR.Activities >= 1.6.1 <= 1.6.1",
      "UiPath.Mail.Activities >= 1.3.0 <= 1.3.0",
      "UiPath.PDF.Activities >= 1.3.1 <= 1.3.1",
      "UiPath.System.Activities >= 19.3.0 <= 19.3.0",
      "UiPath.UIAutomation.Activities >= 19.3.0 <= 19.3.0",
      "UiPath.WebAPI.Activities >= 1.4.0 <= 1.4.0",
      "UiPath.Word.Activities >= 1.3.0 <= 1.3.0"
    ]
  },
  "packageFolders": {
    "C:\\Users\\Kailash\\.nuget\\packages\\": {}
  },
  "project": {
    "restore": {
      "projectUniqueName": "UiPath_REFrameWork",
      "projectName": "UiPath_REFrameWork",
      "projectPath": "C:\\Users\\Kailash\\Documents\\UiPath\\ReFrameWork-Client_Security_Hash\\ReFrameWork-Client_Security_Hash\\.local",
      "packagesPath": "C:\\Users\\Kailash\\.nuget\\packages\\",
      "outputPath": "C:\\Users\\Kailash\\Documents\\UiPath\\ReFrameWork-Client_Security_Hash\\ReFrameWork-Client_Security_Hash\\.local"
    },
    "frameworks": {
      "net461": {
        "dependencies": {
          "UiPath.Cognitive.Activities": {
            "include": "Runtime",
            "target": "Package",
            "version": "[2.2.0, 2.2.0]"
          },
          "UiPath.Credentials.Activities": {
            "include": "Runtime",
            "target": "Package",
            "version": "[1.1.6479.13204, 1.1.6479.13204]"
          },
          "UiPath.Excel.Activities": {
            "include": "Runtime",
            "target": "Package",
            "version": "[2.5.2, 2.5.2]"
          },
          "UiPath.IntelligentOCR.Activities": {
            "include": "Runtime",
            "target": "Package",
            "version": "[1.6.1, 1.6.1]"
          },
          "UiPath.Mail.Activities": {
            "include": "Runtime",
            "target": "Package",
            "version": "[1.3.0, 1.3.0]"
          },
          "UiPath.PDF.Activities": {
            "include": "Runtime",
            "target": "Package",
            "version": "[1.3.1, 1.3.1]"
          },
          "UiPath.System.Activities": {
            "include": "Runtime",
            "target": "Package",
            "version": "[19.3.0, 19.3.0]"
          },
          "UiPath.UIAutomation.Activities": {
            "include": "Runtime",
            "target": "Package",
            "version": "[19.3.0, 19.3.0]"
          },
          "UiPath.WebAPI.Activities": {
            "include": "Runtime",
            "target": "Package",
            "version": "[1.4.0, 1.4.0]"
          },
          "UiPath.Word.Activities": {
            "include": "Runtime",
            "target": "Package",
            "version": "[1.3.0, 1.3.0]"
          }
        }
      }
    }
  }
}