{"ProjectBreakpointSettingValue":"{\"Value\":{\"Framework/InitAllSettings.xaml\":[],\"Framework/KillAllProcesses.xaml\":[],\"Framework/GetTransactionData.xaml\":[],\"Framework/SetTransactionStatus.xaml\":[],\"StateMachine.xaml\":[],\"Process.xaml\":[],\"SHA1Online/SHA1Online_GetHashCode.xaml\":[],\"Main.xaml\":[],\"Common/SendEmail.xaml\":[],\"System1/1. System1_Login.xaml\":[],\"System1/2. System1_Close.xaml\":[],\"System1/System1_Extract_WorkItemDataTable.xaml\":[],\"System1/System1_NavigateTo_WIDetails.xaml\":[],\"System1/System1_ExtractClientInformation.xaml\":[],\"System1/System1_Update_WorkItem.xaml\":[],\"Framework/InitAllApplications.xaml\":[]}}"}